trial,round,component,client,latency_ms
1,1,comm_server_to_client,1.0,0.22069999249652028
1,1,comm_server_to_client_link,1.0,137.9184
1,1,local_training,1.0,2929.342599993106
1,1,comm_client_to_server,1.0,0.14990000636316836
1,1,comm_client_to_server_link,1.0,137.9184
1,1,comm_server_to_client,2.0,0.06510000093840063
1,1,comm_server_to_client_link,2.0,137.9184
1,1,local_training,2.0,2325.203299988061
1,1,comm_client_to_server,2.0,0.13410000246949494
1,1,comm_client_to_server_link,2.0,137.9184
1,1,comm_server_to_client,3.0,0.0659999786876142
1,1,comm_server_to_client_link,3.0,137.9184
1,1,local_training,3.0,2250.826399977086
1,1,comm_client_to_server,3.0,0.1571000029798597
1,1,comm_client_to_server_link,3.0,137.9184
1,1,comm_server_to_client,4.0,0.07879998884163797
1,1,comm_server_to_client_link,4.0,137.9184
1,1,local_training,4.0,1977.8241000021808
1,1,comm_client_to_server,4.0,0.13760000001639128
1,1,comm_client_to_server_link,4.0,137.9184
1,1,fedavg,,1.3507000112440437
1,1,total_round,,9496.566399990115
1,2,comm_server_to_client,1.0,0.24809999740682542
1,2,comm_server_to_client_link,1.0,137.9184
1,2,local_training,1.0,2092.9998999927193
1,2,comm_client_to_server,1.0,0.15199999324977398
1,2,comm_client_to_server_link,1.0,137.9184
1,2,comm_server_to_client,2.0,0.08499997784383595
1,2,comm_server_to_client_link,2.0,137.9184
1,2,local_training,2.0,2210.233000019798
1,2,comm_client_to_server,2.0,0.13070000568404794
1,2,comm_client_to_server_link,2.0,137.9184
1,2,comm_server_to_client,3.0,0.06290001329034567
1,2,comm_server_to_client_link,3.0,137.9184
1,2,local_training,3.0,1935.8078999794088
1,2,comm_client_to_server,3.0,0.1508000132162124
1,2,comm_client_to_server_link,3.0,137.9184
1,2,comm_server_to_client,4.0,0.08200001320801675
1,2,comm_server_to_client_link,4.0,137.9184
1,2,local_training,4.0,1921.6215999913402
1,2,comm_client_to_server,4.0,0.1917000045068562
1,2,comm_client_to_server_link,4.0,137.9184
1,2,fedavg,,1.7284000059589744
1,2,total_round,,8164.541000005556
1,3,comm_server_to_client,1.0,0.11570000788196921
1,3,comm_server_to_client_link,1.0,137.9184
1,3,local_training,1.0,2268.239099998027
1,3,comm_client_to_server,1.0,0.20179999410174787
1,3,comm_client_to_server_link,1.0,137.9184
1,3,comm_server_to_client,2.0,0.11029999586753547
1,3,comm_server_to_client_link,2.0,137.9184
1,3,local_training,2.0,2002.4278000055347
1,3,comm_client_to_server,2.0,0.15659999917261302
1,3,comm_client_to_server_link,2.0,137.9184
1,3,comm_server_to_client,3.0,0.07289997301995754
1,3,comm_server_to_client_link,3.0,137.9184
1,3,local_training,3.0,2073.203800013289
1,3,comm_client_to_server,3.0,0.23939998936839402
1,3,comm_client_to_server_link,3.0,137.9184
1,3,comm_server_to_client,4.0,0.12260000221431255
1,3,comm_server_to_client_link,4.0,137.9184
1,3,local_training,4.0,2053.6633000010625
1,3,comm_client_to_server,4.0,0.2066000015474856
1,3,comm_client_to_server_link,4.0,137.9184
1,3,fedavg,,3.670100006274879
1,3,total_round,,8403.410700004315
1,4,comm_server_to_client,1.0,0.21639998885802925
1,4,comm_server_to_client_link,1.0,137.9184
1,4,local_training,1.0,2184.8444000061136
1,4,comm_client_to_server,1.0,0.1474000164307654
1,4,comm_client_to_server_link,1.0,137.9184
1,4,comm_server_to_client,2.0,0.07829998503439128
1,4,comm_server_to_client_link,2.0,137.9184
1,4,local_training,2.0,1993.0846999923233
1,4,comm_client_to_server,2.0,0.23779997718520463
1,4,comm_client_to_server_link,2.0,137.9184
1,4,comm_server_to_client,3.0,0.13070000568404794
1,4,comm_server_to_client_link,3.0,137.9184
1,4,local_training,3.0,2016.3683999853674
1,4,comm_client_to_server,3.0,0.18920001457445323
1,4,comm_client_to_server_link,3.0,137.9184
1,4,comm_server_to_client,4.0,0.10149998706765473
1,4,comm_server_to_client_link,4.0,137.9184
1,4,local_training,4.0,1689.5428000134416
1,4,comm_client_to_server,4.0,0.16419999883510172
1,4,comm_client_to_server_link,4.0,137.9184
1,4,fedavg,,1.3898999895900488
1,4,total_round,,7888.00259999698
1,5,comm_server_to_client,1.0,0.15880001592449844
1,5,comm_server_to_client_link,1.0,137.9184
1,5,local_training,1.0,2249.839600000996
1,5,comm_client_to_server,1.0,0.2978999982587993
1,5,comm_client_to_server_link,1.0,137.9184
1,5,comm_server_to_client,2.0,0.1611999759916216
1,5,comm_server_to_client_link,2.0,137.9184
1,5,local_training,2.0,1918.5384000011254
1,5,comm_client_to_server,2.0,0.1640999980736524
1,5,comm_client_to_server_link,2.0,137.9184
1,5,comm_server_to_client,3.0,0.08460000390186906
1,5,comm_server_to_client_link,3.0,137.9184
1,5,local_training,3.0,1953.4396000090055
1,5,comm_client_to_server,3.0,0.19150000298395753
1,5,comm_client_to_server_link,3.0,137.9184
1,5,comm_server_to_client,4.0,0.11220001033507288
1,5,comm_server_to_client_link,4.0,137.9184
1,5,local_training,4.0,1996.5557000250556
1,5,comm_client_to_server,4.0,0.3650000144261867
1,5,comm_client_to_server_link,4.0,137.9184
1,5,fedavg,,2.0292999979574233
1,5,total_round,,8122.890900005586
1,6,comm_server_to_client,1.0,0.22079999325796962
1,6,comm_server_to_client_link,1.0,137.9184
1,6,local_training,1.0,2091.1995000205934
1,6,comm_client_to_server,1.0,0.20370000856928527
1,6,comm_client_to_server_link,1.0,137.9184
1,6,comm_server_to_client,2.0,0.0900000159163028
1,6,comm_server_to_client_link,2.0,137.9184
1,6,local_training,2.0,1921.0305000015069
1,6,comm_client_to_server,2.0,0.1824999926611781
1,6,comm_client_to_server_link,2.0,137.9184
1,6,comm_server_to_client,3.0,0.09359998512081802
1,6,comm_server_to_client_link,3.0,137.9184
1,6,local_training,3.0,1740.893899986986
1,6,comm_client_to_server,3.0,0.15050001093186438
1,6,comm_client_to_server_link,3.0,137.9184
1,6,comm_server_to_client,4.0,0.06839999696239829
1,6,comm_server_to_client_link,4.0,137.9184
1,6,local_training,4.0,2083.164100011345
1,6,comm_client_to_server,4.0,0.1776999852154404
1,6,comm_client_to_server_link,4.0,137.9184
1,6,fedavg,,1.9654000061564147
1,6,total_round,,7840.745900000911
1,7,comm_server_to_client,1.0,0.1404999929945916
1,7,comm_server_to_client_link,1.0,137.9184
1,7,local_training,1.0,2259.7811999730766
1,7,comm_client_to_server,1.0,0.18149998504668474
1,7,comm_client_to_server_link,1.0,137.9184
1,7,comm_server_to_client,2.0,0.08159998105838895
1,7,comm_server_to_client_link,2.0,137.9184
1,7,local_training,2.0,2384.611899993615
1,7,comm_client_to_server,2.0,0.3536999865900725
1,7,comm_client_to_server_link,2.0,137.9184
1,7,comm_server_to_client,3.0,0.22020001779310405
1,7,comm_server_to_client_link,3.0,137.9184
1,7,local_training,3.0,2248.5287000017706
1,7,comm_client_to_server,3.0,0.3816999960690737
1,7,comm_client_to_server_link,3.0,137.9184
1,7,comm_server_to_client,4.0,0.20909999147988856
1,7,comm_server_to_client_link,4.0,137.9184
1,7,local_training,4.0,1922.8818999836221
1,7,comm_client_to_server,4.0,0.2514999941922724
1,7,comm_client_to_server_link,4.0,137.9184
1,7,fedavg,,1.8644999945536256
1,7,total_round,,8820.426499994937
1,8,comm_server_to_client,1.0,0.19290001364424825
1,8,comm_server_to_client_link,1.0,137.9184
1,8,local_training,1.0,2011.221900000237
1,8,comm_client_to_server,1.0,0.16120000509545207
1,8,comm_client_to_server_link,1.0,137.9184
1,8,comm_server_to_client,2.0,0.08749999688006938
1,8,comm_server_to_client_link,2.0,137.9184
1,8,local_training,2.0,1933.894700021483
1,8,comm_client_to_server,2.0,0.2086999884340912
1,8,comm_client_to_server_link,2.0,137.9184
1,8,comm_server_to_client,3.0,0.11180000728927553
1,8,comm_server_to_client_link,3.0,137.9184
1,8,local_training,3.0,2692.6725000084843
1,8,comm_client_to_server,3.0,0.23100001271814108
1,8,comm_client_to_server_link,3.0,137.9184
1,8,comm_server_to_client,4.0,0.10200001997873187
1,8,comm_server_to_client_link,4.0,137.9184
1,8,local_training,4.0,2283.346700016409
1,8,comm_client_to_server,4.0,0.2967999898828566
1,8,comm_client_to_server_link,4.0,137.9184
1,8,fedavg,,2.3637999838683754
1,8,total_round,,8925.735600001644
1,9,comm_server_to_client,1.0,0.3240999940317124
1,9,comm_server_to_client_link,1.0,137.9184
1,9,local_training,1.0,2083.8208999775816
1,9,comm_client_to_server,1.0,0.18740000086836517
1,9,comm_client_to_server_link,1.0,137.9184
1,9,comm_server_to_client,2.0,0.07880001794546843
1,9,comm_server_to_client_link,2.0,137.9184
1,9,local_training,2.0,1883.553599996958
1,9,comm_client_to_server,2.0,0.18840000848285854
1,9,comm_client_to_server_link,2.0,137.9184
1,9,comm_server_to_client,3.0,0.10099998326040804
1,9,comm_server_to_client_link,3.0,137.9184
1,9,local_training,3.0,2215.5576000222936
1,9,comm_client_to_server,3.0,0.17770001431927085
1,9,comm_client_to_server_link,3.0,137.9184
1,9,comm_server_to_client,4.0,0.0850000069476664
1,9,comm_server_to_client_link,4.0,137.9184
1,9,local_training,4.0,2092.8355999931227
1,9,comm_client_to_server,4.0,0.1923999807331711
1,9,comm_client_to_server_link,4.0,137.9184
1,9,fedavg,,2.0161999855190516
1,9,total_round,,8280.75240002363
1,10,comm_server_to_client,1.0,0.25430001551285386
1,10,comm_server_to_client_link,1.0,137.9184
1,10,local_training,1.0,2315.6614000035916
1,10,comm_client_to_server,1.0,0.4262000147718936
1,10,comm_client_to_server_link,1.0,137.9184
1,10,comm_server_to_client,2.0,0.2770000137388706
1,10,comm_server_to_client_link,2.0,137.9184
1,10,local_training,2.0,2223.9369000017177
1,10,comm_client_to_server,2.0,0.4236999957356602
1,10,comm_client_to_server_link,2.0,137.9184
1,10,comm_server_to_client,3.0,0.21989998640492558
1,10,comm_server_to_client_link,3.0,137.9184
1,10,local_training,3.0,1946.244699996896
1,10,comm_client_to_server,3.0,0.20820001373067498
1,10,comm_client_to_server_link,3.0,137.9184
1,10,comm_server_to_client,4.0,0.08750002598389983
1,10,comm_server_to_client_link,4.0,137.9184
1,10,local_training,4.0,2887.1310999966227
1,10,comm_client_to_server,4.0,0.2975999959744513
1,10,comm_client_to_server_link,4.0,137.9184
1,10,fedavg,,2.2419999877456576
1,10,total_round,,9379.354300006526
1,11,comm_server_to_client,1.0,0.1385999785270542
1,11,comm_server_to_client_link,1.0,137.9184
1,11,local_training,1.0,1878.1854000117164
1,11,comm_client_to_server,1.0,0.19660001271404326
1,11,comm_client_to_server_link,1.0,137.9184
1,11,comm_server_to_client,2.0,0.10170001769438386
1,11,comm_server_to_client_link,2.0,137.9184
1,11,local_training,2.0,2167.984700005036
1,11,comm_client_to_server,2.0,0.15100001473911107
1,11,comm_client_to_server_link,2.0,137.9184
1,11,comm_server_to_client,3.0,0.0858000130392611
1,11,comm_server_to_client_link,3.0,137.9184
1,11,local_training,3.0,2164.646499993978
1,11,comm_client_to_server,3.0,0.354000017978251
1,11,comm_client_to_server_link,3.0,137.9184
1,11,comm_server_to_client,4.0,0.2195000124629587
1,11,comm_server_to_client_link,4.0,137.9184
1,11,local_training,4.0,2008.1954000052065
1,11,comm_client_to_server,4.0,0.21040000137872994
1,11,comm_client_to_server_link,4.0,137.9184
1,11,fedavg,,1.2145000218879431
1,11,total_round,,8222.653000004357
1,12,comm_server_to_client,1.0,0.23830001009628177
1,12,comm_server_to_client_link,1.0,137.9184
1,12,local_training,1.0,2238.2849999994505
1,12,comm_client_to_server,1.0,0.3360999980941415
1,12,comm_client_to_server_link,1.0,137.9184
1,12,comm_server_to_client,2.0,0.17010001465678215
1,12,comm_server_to_client_link,2.0,137.9184
1,12,local_training,2.0,2038.9547000231687
1,12,comm_client_to_server,2.0,0.24110000231303275
1,12,comm_client_to_server_link,2.0,137.9184
1,12,comm_server_to_client,3.0,0.13339999713934958
1,12,comm_server_to_client_link,3.0,137.9184
1,12,local_training,3.0,1648.306799994316
1,12,comm_client_to_server,3.0,0.32500000088475645
1,12,comm_client_to_server_link,3.0,137.9184
1,12,comm_server_to_client,4.0,0.2803000097628683
1,12,comm_server_to_client_link,4.0,137.9184
1,12,local_training,4.0,2664.4584000168834
1,12,comm_client_to_server,4.0,0.24880000273697078
1,12,comm_client_to_server_link,4.0,137.9184
1,12,fedavg,,3.024700010428205
1,12,total_round,,8596.470499993302
1,13,comm_server_to_client,1.0,0.33629999961704016
1,13,comm_server_to_client_link,1.0,137.9184
1,13,local_training,1.0,2890.9214999875985
1,13,comm_client_to_server,1.0,0.2035000070463866
1,13,comm_client_to_server_link,1.0,137.9184
1,13,comm_server_to_client,2.0,0.09100002353079617
1,13,comm_server_to_client_link,2.0,137.9184
1,13,local_training,2.0,2040.8593000029214
1,13,comm_client_to_server,2.0,0.20009998115710914
1,13,comm_client_to_server_link,2.0,137.9184
1,13,comm_server_to_client,3.0,0.09049999061971903
1,13,comm_server_to_client_link,3.0,137.9184
1,13,local_training,3.0,2059.445199993206
1,13,comm_client_to_server,3.0,0.3373000072315335
1,13,comm_client_to_server_link,3.0,137.9184
1,13,comm_server_to_client,4.0,0.21990001550875604
1,13,comm_server_to_client_link,4.0,137.9184
1,13,local_training,4.0,2105.5868999974336
1,13,comm_client_to_server,4.0,0.19449999672360718
1,13,comm_client_to_server_link,4.0,137.9184
1,13,fedavg,,1.7503999988548458
1,13,total_round,,9101.687999995193
1,14,comm_server_to_client,1.0,0.15700000221841037
1,14,comm_server_to_client_link,1.0,137.9184
1,14,local_training,1.0,2064.8461999953724
1,14,comm_client_to_server,1.0,0.1531000016257167
1,14,comm_client_to_server_link,1.0,137.9184
1,14,comm_server_to_client,2.0,0.06880000000819564
1,14,comm_server_to_client_link,2.0,137.9184
1,14,local_training,2.0,1856.8106000020634
1,14,comm_client_to_server,2.0,0.25329997879453003
1,14,comm_client_to_server_link,2.0,137.9184
1,14,comm_server_to_client,3.0,0.11659998563118279
1,14,comm_server_to_client_link,3.0,137.9184
1,14,local_training,3.0,1979.6160999976564
1,14,comm_client_to_server,3.0,0.2618000144138932
1,14,comm_client_to_server_link,3.0,137.9184
1,14,comm_server_to_client,4.0,0.12060001608915627
1,14,comm_server_to_client_link,4.0,137.9184
1,14,local_training,4.0,1919.9097999953665
1,14,comm_client_to_server,4.0,0.29960001120343804
1,14,comm_client_to_server_link,4.0,137.9184
1,14,fedavg,,1.9432000117376447
1,14,total_round,,7825.503899977775
1,15,comm_server_to_client,1.0,0.16500000492669642
1,15,comm_server_to_client_link,1.0,137.9184
1,15,local_training,1.0,2064.1036000160966
1,15,comm_client_to_server,1.0,0.23100001271814108
1,15,comm_client_to_server_link,1.0,137.9184
1,15,comm_server_to_client,2.0,0.09480002336204052
1,15,comm_server_to_client_link,2.0,137.9184
1,15,local_training,2.0,2087.9723000107333
1,15,comm_client_to_server,2.0,0.2094999945256859
1,15,comm_client_to_server_link,2.0,137.9184
1,15,comm_server_to_client,3.0,0.10420000762678683
1,15,comm_server_to_client_link,3.0,137.9184
1,15,local_training,3.0,2306.615800014697
1,15,comm_client_to_server,3.0,0.1908999984152615
1,15,comm_client_to_server_link,3.0,137.9184
1,15,comm_server_to_client,4.0,0.08339999476447701
1,15,comm_server_to_client_link,4.0,137.9184
1,15,local_training,4.0,2461.3306000246666
1,15,comm_client_to_server,4.0,0.2877000079024583
1,15,comm_client_to_server_link,4.0,137.9184
1,15,fedavg,,2.0515999931376427
1,15,total_round,,8924.50279998593
1,16,comm_server_to_client,1.0,0.27000001864507794
1,16,comm_server_to_client_link,1.0,137.9184
1,16,local_training,1.0,2348.408899997594
1,16,comm_client_to_server,1.0,0.8419000077992678
1,16,comm_client_to_server_link,1.0,137.9184
1,16,comm_server_to_client,2.0,0.44120001257397234
1,16,comm_server_to_client_link,2.0,137.9184
1,16,local_training,2.0,5329.095499997493
1,16,comm_client_to_server,2.0,0.4149999876972288
1,16,comm_client_to_server_link,2.0,137.9184
1,16,comm_server_to_client,3.0,0.20929999300278723
1,16,comm_server_to_client_link,3.0,137.9184
1,16,local_training,3.0,7026.360299991211
1,16,comm_client_to_server,3.0,0.6567999953404069
1,16,comm_client_to_server_link,3.0,137.9184
1,16,comm_server_to_client,4.0,0.3939000016544014
1,16,comm_server_to_client_link,4.0,137.9184
1,16,local_training,4.0,2944.436499994481
1,16,comm_client_to_server,4.0,0.22159999934956431
1,16,comm_client_to_server_link,4.0,137.9184
1,16,fedavg,,2.4289000139106065
1,16,total_round,,17655.57639999315
1,17,comm_server_to_client,1.0,0.2023999986704439
1,17,comm_server_to_client_link,1.0,137.9184
1,17,local_training,1.0,4229.0468999999575
1,17,comm_client_to_server,1.0,0.4372999828774482
1,17,comm_client_to_server_link,1.0,137.9184
1,17,comm_server_to_client,2.0,0.24159997701644897
1,17,comm_server_to_client_link,2.0,137.9184
1,17,local_training,2.0,5204.769400006626
1,17,comm_client_to_server,2.0,0.4290000069886446
1,17,comm_client_to_server_link,2.0,137.9184
1,17,comm_server_to_client,3.0,0.22119999630376697
1,17,comm_server_to_client_link,3.0,137.9184
1,17,local_training,3.0,5318.026099994313
1,17,comm_client_to_server,3.0,0.39900001138448715
1,17,comm_client_to_server_link,3.0,137.9184
1,17,comm_server_to_client,4.0,0.2038999809883535
1,17,comm_server_to_client_link,4.0,137.9184
1,17,local_training,4.0,6098.509899980854
1,17,comm_client_to_server,4.0,0.5592000088654459
1,17,comm_client_to_server_link,4.0,137.9184
1,17,fedavg,,8.378700003959239
1,17,total_round,,20863.166700000875
1,18,comm_server_to_client,1.0,0.3769999893847853
1,18,comm_server_to_client_link,1.0,137.9184
1,18,local_training,1.0,7008.407899993472
1,18,comm_client_to_server,1.0,0.8161999867297709
1,18,comm_client_to_server_link,1.0,137.9184
1,18,comm_server_to_client,2.0,0.40839999564923346
1,18,comm_server_to_client_link,2.0,137.9184
1,18,local_training,2.0,3117.602199985413
1,18,comm_client_to_server,2.0,0.17370001296512783
1,18,comm_client_to_server_link,2.0,137.9184
1,18,comm_server_to_client,3.0,0.07070001447573304
1,18,comm_server_to_client_link,3.0,137.9184
1,18,local_training,3.0,2167.7995000209194
1,18,comm_client_to_server,3.0,0.26149998302571476
1,18,comm_client_to_server_link,3.0,137.9184
1,18,comm_server_to_client,4.0,0.12169999536126852
1,18,comm_server_to_client_link,4.0,137.9184
1,18,local_training,4.0,2079.4964999950025
1,18,comm_client_to_server,4.0,0.27379998937249184
1,18,comm_client_to_server_link,4.0,137.9184
1,18,fedavg,,1.3072000001557171
1,18,total_round,,14379.434400005266
1,19,comm_server_to_client,1.0,0.20890001906082034
1,19,comm_server_to_client_link,1.0,137.9184
1,19,local_training,1.0,1964.4778000074439
1,19,comm_client_to_server,1.0,0.21590001415461302
1,19,comm_client_to_server_link,1.0,137.9184
1,19,comm_server_to_client,2.0,0.08900000830180943
1,19,comm_server_to_client_link,2.0,137.9184
1,19,local_training,2.0,2207.275799999479
1,19,comm_client_to_server,2.0,0.3724000125657767
1,19,comm_client_to_server_link,2.0,137.9184
1,19,comm_server_to_client,3.0,0.20300000323913991
1,19,comm_server_to_client_link,3.0,137.9184
1,19,local_training,3.0,1767.2339999990072
1,19,comm_client_to_server,3.0,0.16789999790489674
1,19,comm_client_to_server_link,3.0,137.9184
1,19,comm_server_to_client,4.0,0.0788999896030873
1,19,comm_server_to_client_link,4.0,137.9184
1,19,local_training,4.0,2173.316300002625
1,19,comm_client_to_server,4.0,0.23880001390352845
1,19,comm_client_to_server_link,4.0,137.9184
1,19,fedavg,,2.2991000150796026
1,19,total_round,,8117.166899988661
1,20,comm_server_to_client,1.0,0.17380001372657716
1,20,comm_server_to_client_link,1.0,137.9184
1,20,local_training,1.0,2911.546199989971
1,20,comm_client_to_server,1.0,0.25949999690055847
1,20,comm_client_to_server_link,1.0,137.9184
1,20,comm_server_to_client,2.0,0.13899998157285154
1,20,comm_server_to_client_link,2.0,137.9184
1,20,local_training,2.0,2054.941299982602
1,20,comm_client_to_server,2.0,0.16309999045915902
1,20,comm_client_to_server_link,2.0,137.9184
1,20,comm_server_to_client,3.0,0.06749999010935426
1,20,comm_server_to_client_link,3.0,137.9184
1,20,local_training,3.0,1802.9699999897275
1,20,comm_client_to_server,3.0,0.40099999750964344
1,20,comm_client_to_server_link,3.0,137.9184
1,20,comm_server_to_client,4.0,0.17030001617968082
1,20,comm_server_to_client_link,4.0,137.9184
1,20,local_training,4.0,1866.3038999948185
1,20,comm_client_to_server,4.0,0.7140999950934201
1,20,comm_client_to_server_link,4.0,137.9184
1,20,fedavg,,3.4088999964296818
1,20,total_round,,8642.318400001386
2,1,comm_server_to_client,1.0,0.5709999823011458
2,1,comm_server_to_client_link,1.0,137.9184
2,1,local_training,1.0,2160.3893999999855
2,1,comm_client_to_server,1.0,0.40520000038668513
2,1,comm_client_to_server_link,1.0,137.9184
2,1,comm_server_to_client,2.0,0.13620001845993102
2,1,comm_server_to_client_link,2.0,137.9184
2,1,local_training,2.0,2355.8831000118516
2,1,comm_client_to_server,2.0,0.36419997923076153
2,1,comm_client_to_server_link,2.0,137.9184
2,1,comm_server_to_client,3.0,0.15810001059435308
2,1,comm_server_to_client_link,3.0,137.9184
2,1,local_training,3.0,2242.619199998444
2,1,comm_client_to_server,3.0,0.4078000201843679
2,1,comm_client_to_server_link,3.0,137.9184
2,1,comm_server_to_client,4.0,0.1981999957934022
2,1,comm_server_to_client_link,4.0,137.9184
2,1,local_training,4.0,2029.6937000239268
2,1,comm_client_to_server,4.0,0.38949999725446105
2,1,comm_client_to_server_link,4.0,137.9184
2,1,fedavg,,3.944500000216067
2,1,total_round,,8808.019799995236
2,2,comm_server_to_client,1.0,0.23330000112764537
2,2,comm_server_to_client_link,1.0,137.9184
2,2,local_training,1.0,2207.5393999984954
2,2,comm_client_to_server,1.0,0.5651999963447452
2,2,comm_client_to_server_link,1.0,137.9184
2,2,comm_server_to_client,2.0,0.9294000046793371
2,2,comm_server_to_client_link,2.0,137.9184
2,2,local_training,2.0,1822.3710999882314
2,2,comm_client_to_server,2.0,1.040400005877018
2,2,comm_client_to_server_link,2.0,137.9184
2,2,comm_server_to_client,3.0,0.12469998910091817
2,2,comm_server_to_client_link,3.0,137.9184
2,2,local_training,3.0,2414.0602000115905
2,2,comm_client_to_server,3.0,0.43200000072829425
2,2,comm_client_to_server_link,3.0,137.9184
2,2,comm_server_to_client,4.0,0.23439998039975762
2,2,comm_server_to_client_link,4.0,137.9184
2,2,local_training,4.0,2179.835599992657
2,2,comm_client_to_server,4.0,0.26709999656304717
2,2,comm_client_to_server_link,4.0,137.9184
2,2,fedavg,,1.2934000114910305
2,2,total_round,,8631.25759997638
2,3,comm_server_to_client,1.0,0.3776000230573118
2,3,comm_server_to_client_link,1.0,137.9184
2,3,local_training,1.0,2028.3990999741945
2,3,comm_client_to_server,1.0,0.2932000206783414
2,3,comm_client_to_server_link,1.0,137.9184
2,3,comm_server_to_client,2.0,0.10139998630620539
2,3,comm_server_to_client_link,2.0,137.9184
2,3,local_training,2.0,2020.7879000226967
2,3,comm_client_to_server,2.0,0.36979999276809394
2,3,comm_client_to_server_link,2.0,137.9184
2,3,comm_server_to_client,3.0,0.19190000602975488
2,3,comm_server_to_client_link,3.0,137.9184
2,3,local_training,3.0,1767.6191999926232
2,3,comm_client_to_server,3.0,0.24569997913204134
2,3,comm_client_to_server_link,3.0,137.9184
2,3,comm_server_to_client,4.0,0.09019998833537102
2,3,comm_server_to_client_link,4.0,137.9184
2,3,local_training,4.0,2004.6126999950502
2,3,comm_client_to_server,4.0,0.2869999734684825
2,3,comm_client_to_server_link,4.0,137.9184
2,3,fedavg,,1.2784999853465706
2,3,total_round,,7826.1499000072945
2,4,comm_server_to_client,1.0,0.41619999683462083
2,4,comm_server_to_client_link,1.0,137.9184
2,4,local_training,1.0,2452.7659000013955
2,4,comm_client_to_server,1.0,0.4363000043667853
2,4,comm_client_to_server_link,1.0,137.9184
2,4,comm_server_to_client,2.0,0.2510000194888562
2,4,comm_server_to_client_link,2.0,137.9184
2,4,local_training,2.0,2167.7760999882594
2,4,comm_client_to_server,2.0,0.23700000019744039
2,4,comm_client_to_server_link,2.0,137.9184
2,4,comm_server_to_client,3.0,0.09820002014748752
2,4,comm_server_to_client_link,3.0,137.9184
2,4,local_training,3.0,2095.7987000001594
2,4,comm_client_to_server,3.0,0.2605999761726707
2,4,comm_client_to_server_link,3.0,137.9184
2,4,comm_server_to_client,4.0,0.09919999865815043
2,4,comm_server_to_client_link,4.0,137.9184
2,4,local_training,4.0,1776.674799999455
2,4,comm_client_to_server,4.0,0.23350000265054405
2,4,comm_client_to_server_link,4.0,137.9184
2,4,fedavg,,1.8862000142689794
2,4,total_round,,8498.690500011435
2,5,comm_server_to_client,1.0,0.3183000080753118
2,5,comm_server_to_client_link,1.0,137.9184
2,5,local_training,1.0,1801.3035999902058
2,5,comm_client_to_server,1.0,0.2893999917432666
2,5,comm_client_to_server_link,1.0,137.9184
2,5,comm_server_to_client,2.0,0.1469000126235187
2,5,comm_server_to_client_link,2.0,137.9184
2,5,local_training,2.0,2144.1393999848515
2,5,comm_client_to_server,2.0,0.25599999935366213
2,5,comm_client_to_server_link,2.0,137.9184
2,5,comm_server_to_client,3.0,0.11340001947246492
2,5,comm_server_to_client_link,3.0,137.9184
2,5,local_training,3.0,2146.2772999948356
2,5,comm_client_to_server,3.0,0.31850000959821045
2,5,comm_client_to_server_link,3.0,137.9184
2,5,comm_server_to_client,4.0,0.16379999578930438
2,5,comm_server_to_client_link,4.0,137.9184
2,5,local_training,4.0,1976.6864000121132
2,5,comm_client_to_server,4.0,0.3578999894671142
2,5,comm_client_to_server_link,4.0,137.9184
2,5,fedavg,,2.386699983617291
2,5,total_round,,8074.72350000171
2,6,comm_server_to_client,1.0,0.24609998217783868
2,6,comm_server_to_client_link,1.0,137.9184
2,6,local_training,1.0,1951.0111999989022
2,6,comm_client_to_server,1.0,0.2716000017244369
2,6,comm_client_to_server_link,1.0,137.9184
2,6,comm_server_to_client,2.0,0.11799999629147351
2,6,comm_server_to_client_link,2.0,137.9184
2,6,local_training,2.0,1867.2029000008479
2,6,comm_client_to_server,2.0,0.22829999215900898
2,6,comm_client_to_server_link,2.0,137.9184
2,6,comm_server_to_client,3.0,0.08960001287050545
2,6,comm_server_to_client_link,3.0,137.9184
2,6,local_training,3.0,1870.2702000155114
2,6,comm_client_to_server,3.0,0.19630001042969525
2,6,comm_client_to_server_link,3.0,137.9184
2,6,comm_server_to_client,4.0,0.08330002310685813
2,6,comm_server_to_client_link,4.0,137.9184
2,6,local_training,4.0,1959.1902999964077
2,6,comm_client_to_server,4.0,0.22250000620260835
2,6,comm_client_to_server_link,4.0,137.9184
2,6,fedavg,,1.3294999953359365
2,6,total_round,,7651.391199993668
2,7,comm_server_to_client,1.0,0.27459999546408653
2,7,comm_server_to_client_link,1.0,137.9184
2,7,local_training,1.0,2246.034200012218
2,7,comm_client_to_server,1.0,0.36109998472966254
2,7,comm_client_to_server_link,1.0,137.9184
2,7,comm_server_to_client,2.0,0.19640001119114459
2,7,comm_server_to_client_link,2.0,137.9184
2,7,local_training,2.0,1966.0277000220958
2,7,comm_client_to_server,2.0,0.22260000696405768
2,7,comm_client_to_server_link,2.0,137.9184
2,7,comm_server_to_client,3.0,0.09400001727044582
2,7,comm_server_to_client_link,3.0,137.9184
2,7,local_training,3.0,1967.2439999994822
2,7,comm_client_to_server,3.0,0.21630001720041037
2,7,comm_client_to_server_link,3.0,137.9184
2,7,comm_server_to_client,4.0,0.09089999366551638
2,7,comm_server_to_client_link,4.0,137.9184
2,7,local_training,4.0,1865.8725999994203
2,7,comm_client_to_server,4.0,0.22909999825060368
2,7,comm_client_to_server_link,4.0,137.9184
2,7,fedavg,,1.564300007885322
2,7,total_round,,8049.7305000026245
2,8,comm_server_to_client,1.0,0.22089999401941895
2,8,comm_server_to_client_link,1.0,137.9184
2,8,local_training,1.0,1999.3904999864753
2,8,comm_client_to_server,1.0,0.430600019171834
2,8,comm_client_to_server_link,1.0,137.9184
2,8,comm_server_to_client,2.0,0.33889999031089246
2,8,comm_server_to_client_link,2.0,137.9184
2,8,local_training,2.0,2135.942499997327
2,8,comm_client_to_server,2.0,0.33160002203658223
2,8,comm_client_to_server_link,2.0,137.9184
2,8,comm_server_to_client,3.0,0.2136999974027276
2,8,comm_server_to_client_link,3.0,137.9184
2,8,local_training,3.0,1896.6804000083357
2,8,comm_client_to_server,3.0,0.24580000899732113
2,8,comm_client_to_server_link,3.0,137.9184
2,8,comm_server_to_client,4.0,0.12240000069141388
2,8,comm_server_to_client_link,4.0,137.9184
2,8,local_training,4.0,1839.929999987362
2,8,comm_client_to_server,4.0,0.20709997625090182
2,8,comm_client_to_server_link,4.0,137.9184
2,8,fedavg,,1.3137999922037125
2,8,total_round,,7876.633200008655
2,9,comm_server_to_client,1.0,0.20410001161508262
2,9,comm_server_to_client_link,1.0,137.9184
2,9,local_training,1.0,1854.1099000140093
2,9,comm_client_to_server,1.0,0.33179999445565045
2,9,comm_client_to_server_link,1.0,137.9184
2,9,comm_server_to_client,2.0,0.16679998952895403
2,9,comm_server_to_client_link,2.0,137.9184
2,9,local_training,2.0,1787.2197999968193
2,9,comm_client_to_server,2.0,0.2700999903026968
2,9,comm_client_to_server_link,2.0,137.9184
2,9,comm_server_to_client,3.0,0.13860000763088465
2,9,comm_server_to_client_link,3.0,137.9184
2,9,local_training,3.0,1895.9637000225484
2,9,comm_client_to_server,3.0,0.20859998767264187
2,9,comm_client_to_server_link,3.0,137.9184
2,9,comm_server_to_client,4.0,0.09669997962191701
2,9,comm_server_to_client_link,4.0,137.9184
2,9,local_training,4.0,2153.4324000240304
2,9,comm_client_to_server,4.0,0.37039999733678997
2,9,comm_client_to_server_link,4.0,137.9184
2,9,fedavg,,1.9125000108033419
2,9,total_round,,7695.448499987833
2,10,comm_server_to_client,1.0,0.15359997632913291
2,10,comm_server_to_client_link,1.0,137.9184
2,10,local_training,1.0,1924.859299993841
2,10,comm_client_to_server,1.0,0.2652000111993402
2,10,comm_client_to_server_link,1.0,137.9184
2,10,comm_server_to_client,2.0,0.1309999788645655
2,10,comm_server_to_client_link,2.0,137.9184
2,10,local_training,2.0,2123.7527999910526
2,10,comm_client_to_server,2.0,0.2426000137347728
2,10,comm_client_to_server_link,2.0,137.9184
2,10,comm_server_to_client,3.0,0.12030001380480826
2,10,comm_server_to_client_link,3.0,137.9184
2,10,local_training,3.0,2070.7231999840587
2,10,comm_client_to_server,3.0,0.17980000120587647
2,10,comm_client_to_server_link,3.0,137.9184
2,10,comm_server_to_client,4.0,0.07929999264888465
2,10,comm_server_to_client_link,4.0,137.9184
2,10,local_training,4.0,1838.020700000925
2,10,comm_client_to_server,4.0,0.2038000093307346
2,10,comm_client_to_server_link,4.0,137.9184
2,10,fedavg,,1.5147999802138656
2,10,total_round,,7961.196199990809
2,11,comm_server_to_client,1.0,0.16769999638199806
2,11,comm_server_to_client_link,1.0,137.9184
2,11,local_training,1.0,2332.0819000073243
2,11,comm_client_to_server,1.0,0.3795000084210187
2,11,comm_client_to_server_link,1.0,137.9184
2,11,comm_server_to_client,2.0,0.19520000205375254
2,11,comm_server_to_client_link,2.0,137.9184
2,11,local_training,2.0,2557.7195000078063
2,11,comm_client_to_server,2.0,0.35960000241175294
2,11,comm_client_to_server_link,2.0,137.9184
2,11,comm_server_to_client,3.0,0.26359999901615083
2,11,comm_server_to_client_link,3.0,137.9184
2,11,local_training,3.0,2044.3742999923415
2,11,comm_client_to_server,3.0,0.27199997566640377
2,11,comm_client_to_server_link,3.0,137.9184
2,11,comm_server_to_client,4.0,0.11999998241662979
2,11,comm_server_to_client_link,4.0,137.9184
2,11,local_training,4.0,2010.0296000018716
2,11,comm_client_to_server,4.0,0.371000001905486
2,11,comm_client_to_server_link,4.0,137.9184
2,11,fedavg,,3.474500001175329
2,11,total_round,,8950.887700018939
2,12,comm_server_to_client,1.0,0.3304000128991902
2,12,comm_server_to_client_link,1.0,137.9184
2,12,local_training,1.0,1974.694400007138
2,12,comm_client_to_server,1.0,0.24280001525767148
2,12,comm_client_to_server_link,1.0,137.9184
2,12,comm_server_to_client,2.0,0.15810001059435308
2,12,comm_server_to_client_link,2.0,137.9184
2,12,local_training,2.0,2336.7535000143107
2,12,comm_client_to_server,2.0,0.48989997594617307
2,12,comm_client_to_server_link,2.0,137.9184
2,12,comm_server_to_client,3.0,0.21040000137872994
2,12,comm_server_to_client_link,3.0,137.9184
2,12,local_training,3.0,2117.407000012463
2,12,comm_client_to_server,3.0,0.28429998201318085
2,12,comm_client_to_server_link,3.0,137.9184
2,12,comm_server_to_client,4.0,0.14620000729337335
2,12,comm_server_to_client_link,4.0,137.9184
2,12,local_training,4.0,1927.8818999882787
2,12,comm_client_to_server,4.0,0.3009999927598983
2,12,comm_client_to_server_link,4.0,137.9184
2,12,fedavg,,2.4076000263448805
2,12,total_round,,8362.919600011082
2,13,comm_server_to_client,1.0,0.2201999886892736
2,13,comm_server_to_client_link,1.0,137.9184
2,13,local_training,1.0,1925.323000003118
2,13,comm_client_to_server,1.0,0.2508999896235764
2,13,comm_client_to_server_link,1.0,137.9184
2,13,comm_server_to_client,2.0,0.1348000077996403
2,13,comm_server_to_client_link,2.0,137.9184
2,13,local_training,2.0,1800.4071000032127
2,13,comm_client_to_server,2.0,0.26740002795122564
2,13,comm_client_to_server_link,2.0,137.9184
2,13,comm_server_to_client,3.0,0.13950001448392868
2,13,comm_server_to_client_link,3.0,137.9184
2,13,local_training,3.0,2001.4512999914587
2,13,comm_client_to_server,3.0,0.22300001000985503
2,13,comm_client_to_server_link,3.0,137.9184
2,13,comm_server_to_client,4.0,0.11260001338087022
2,13,comm_server_to_client_link,4.0,137.9184
2,13,local_training,4.0,2479.2145999963395
2,13,comm_client_to_server,4.0,0.20589999621734023
2,13,comm_client_to_server_link,4.0,137.9184
2,13,fedavg,,1.8771000031847507
2,13,total_round,,8210.968400002457
2,14,comm_server_to_client,1.0,0.38579999818466604
2,14,comm_server_to_client_link,1.0,137.9184
2,14,local_training,1.0,2515.762700000778
2,14,comm_client_to_server,1.0,0.4174000059720129
2,14,comm_client_to_server_link,1.0,137.9184
2,14,comm_server_to_client,2.0,0.25740001001395285
2,14,comm_server_to_client_link,2.0,137.9184
2,14,local_training,2.0,2013.897500000894
2,14,comm_client_to_server,2.0,0.30659997719340026
2,14,comm_client_to_server_link,2.0,137.9184
2,14,comm_server_to_client,3.0,0.15720000374130905
2,14,comm_server_to_client_link,3.0,137.9184
2,14,local_training,3.0,2032.5894000125118
2,14,comm_client_to_server,3.0,0.2941999991890043
2,14,comm_client_to_server_link,3.0,137.9184
2,14,comm_server_to_client,4.0,0.1396999869029969
2,14,comm_server_to_client_link,4.0,137.9184
2,14,local_training,4.0,2055.802599992603
2,14,comm_client_to_server,4.0,0.41420001070946455
2,14,comm_client_to_server_link,4.0,137.9184
2,14,fedavg,,3.0639000178780407
2,14,total_round,,8625.620400009211
2,15,comm_server_to_client,1.0,0.3750999749172479
2,15,comm_server_to_client_link,1.0,137.9184
2,15,local_training,1.0,2215.697200008435
2,15,comm_client_to_server,1.0,0.48240000614896417
2,15,comm_client_to_server_link,1.0,137.9184
2,15,comm_server_to_client,2.0,0.12099999003112316
2,15,comm_server_to_client_link,2.0,137.9184
2,15,local_training,2.0,2287.409900018247
2,15,comm_client_to_server,2.0,0.23480001254938543
2,15,comm_client_to_server_link,2.0,137.9184
2,15,comm_server_to_client,3.0,0.10549998842179775
2,15,comm_server_to_client_link,3.0,137.9184
2,15,local_training,3.0,1766.3257000094745
2,15,comm_client_to_server,3.0,0.23970002075657248
2,15,comm_client_to_server_link,3.0,137.9184
2,15,comm_server_to_client,4.0,0.11590000940486789
2,15,comm_server_to_client_link,4.0,137.9184
2,15,local_training,4.0,1890.6990999821573
2,15,comm_client_to_server,4.0,0.23559998953714967
2,15,comm_client_to_server_link,4.0,137.9184
2,15,fedavg,,2.4304999969899654
2,15,total_round,,8166.102899995167
2,16,comm_server_to_client,1.0,0.20789998234249651
2,16,comm_server_to_client_link,1.0,137.9184
2,16,local_training,1.0,1988.8063999824226
2,16,comm_client_to_server,1.0,0.19610000890679657
2,16,comm_client_to_server_link,1.0,137.9184
2,16,comm_server_to_client,2.0,0.09160002809949219
2,16,comm_server_to_client_link,2.0,137.9184
2,16,local_training,2.0,1890.5403999960981
2,16,comm_client_to_server,2.0,0.19459999748505652
2,16,comm_client_to_server_link,2.0,137.9184
2,16,comm_server_to_client,3.0,0.0847000046633184
2,16,comm_server_to_client_link,3.0,137.9184
2,16,local_training,3.0,2106.6698000067845
2,16,comm_client_to_server,3.0,0.25579999783076346
2,16,comm_client_to_server_link,3.0,137.9184
2,16,comm_server_to_client,4.0,0.12809998588636518
2,16,comm_server_to_client_link,4.0,137.9184
2,16,local_training,4.0,2177.02819997794
2,16,comm_client_to_server,4.0,0.22029998945072293
2,16,comm_client_to_server_link,4.0,137.9184
2,16,fedavg,,2.570999989984557
2,16,total_round,,8167.963699990651
2,17,comm_server_to_client,1.0,0.38189999759197235
2,17,comm_server_to_client_link,1.0,137.9184
2,17,local_training,1.0,2166.1205000127666
2,17,comm_client_to_server,1.0,0.28059998294338584
2,17,comm_client_to_server_link,1.0,137.9184
2,17,comm_server_to_client,2.0,0.1399999891873449
2,17,comm_server_to_client_link,2.0,137.9184
2,17,local_training,2.0,2125.2113999798894
2,17,comm_client_to_server,2.0,0.29850000282749534
2,17,comm_client_to_server_link,2.0,137.9184
2,17,comm_server_to_client,3.0,0.1821999903768301
2,17,comm_server_to_client_link,3.0,137.9184
2,17,local_training,3.0,2034.6932000247762
2,17,comm_client_to_server,3.0,0.18909998470917344
2,17,comm_client_to_server_link,3.0,137.9184
2,17,comm_server_to_client,4.0,0.08730002446100116
2,17,comm_server_to_client_link,4.0,137.9184
2,17,local_training,4.0,1950.5006000108551
2,17,comm_client_to_server,4.0,0.17480002134107053
2,17,comm_client_to_server_link,4.0,137.9184
2,17,fedavg,,1.3955000031273812
2,17,total_round,,8281.60439999192
2,18,comm_server_to_client,1.0,0.2272999845445156
2,18,comm_server_to_client_link,1.0,137.9184
2,18,local_training,1.0,2343.8597999920603
2,18,comm_client_to_server,1.0,0.22690001060254872
2,18,comm_client_to_server_link,1.0,137.9184
2,18,comm_server_to_client,2.0,0.11270001414231956
2,18,comm_server_to_client_link,2.0,137.9184
2,18,local_training,2.0,2168.8276999921072
2,18,comm_client_to_server,2.0,0.23999999393709004
2,18,comm_client_to_server_link,2.0,137.9184
2,18,comm_server_to_client,3.0,0.12240000069141388
2,18,comm_server_to_client_link,3.0,137.9184
2,18,local_training,3.0,1977.5871000019833
2,18,comm_client_to_server,3.0,0.32900000223889947
2,18,comm_client_to_server_link,3.0,137.9184
2,18,comm_server_to_client,4.0,0.18450000789016485
2,18,comm_server_to_client_link,4.0,137.9184
2,18,local_training,4.0,1796.8772999884095
2,18,comm_client_to_server,4.0,0.3668999997898936
2,18,comm_client_to_server_link,4.0,137.9184
2,18,fedavg,,3.609599982155487
2,18,total_round,,8293.914200010477
2,19,comm_server_to_client,1.0,0.2652999828569591
2,19,comm_server_to_client_link,1.0,137.9184
2,19,local_training,1.0,2119.580600003246
2,19,comm_client_to_server,1.0,0.18159998580813408
2,19,comm_client_to_server_link,1.0,137.9184
2,19,comm_server_to_client,2.0,0.09600000339560211
2,19,comm_server_to_client_link,2.0,137.9184
2,19,local_training,2.0,2188.382199994521
2,19,comm_client_to_server,2.0,0.25919999461621046
2,19,comm_client_to_server_link,2.0,137.9184
2,19,comm_server_to_client,3.0,0.1720000000204891
2,19,comm_server_to_client_link,3.0,137.9184
2,19,local_training,3.0,2263.0310999811627
2,19,comm_client_to_server,3.0,0.23870001314207911
2,19,comm_client_to_server_link,3.0,137.9184
2,19,comm_server_to_client,4.0,0.10659999679774046
2,19,comm_server_to_client_link,4.0,137.9184
2,19,local_training,4.0,2065.5222999921534
2,19,comm_client_to_server,4.0,0.21379999816417694
2,19,comm_client_to_server_link,4.0,137.9184
2,19,fedavg,,1.3595999917015433
2,19,total_round,,8640.883899992332
2,20,comm_server_to_client,1.0,0.19650001195259392
2,20,comm_server_to_client_link,1.0,137.9184
2,20,local_training,1.0,1837.0880000002217
2,20,comm_client_to_server,1.0,0.2130000211764127
2,20,comm_client_to_server_link,1.0,137.9184
2,20,comm_server_to_client,2.0,0.09640000644139946
2,20,comm_server_to_client_link,2.0,137.9184
2,20,local_training,2.0,2008.9760000118986
2,20,comm_client_to_server,2.0,0.2852999896276742
2,20,comm_client_to_server_link,2.0,137.9184
2,20,comm_server_to_client,3.0,0.14290001126937568
2,20,comm_server_to_client_link,3.0,137.9184
2,20,local_training,3.0,2040.2040999906603
2,20,comm_client_to_server,3.0,0.19540000357665122
2,20,comm_client_to_server_link,3.0,137.9184
2,20,comm_server_to_client,4.0,0.0889000075403601
2,20,comm_server_to_client_link,4.0,137.9184
2,20,local_training,4.0,1887.4814999871887
2,20,comm_client_to_server,4.0,0.20140002015978098
2,20,comm_client_to_server_link,4.0,137.9184
2,20,fedavg,,1.62980001186952
2,20,total_round,,7777.842999988934
3,1,comm_server_to_client,1.0,0.8015999919734895
3,1,comm_server_to_client_link,1.0,137.9184
3,1,local_training,1.0,2343.745099991793
3,1,comm_client_to_server,1.0,0.47530001029372215
3,1,comm_client_to_server_link,1.0,137.9184
3,1,comm_server_to_client,2.0,0.19409999367780983
3,1,comm_server_to_client_link,2.0,137.9184
3,1,local_training,2.0,1869.6467999834567
3,1,comm_client_to_server,2.0,0.291000003926456
3,1,comm_client_to_server_link,2.0,137.9184
3,1,comm_server_to_client,3.0,0.11319998884573579
3,1,comm_server_to_client_link,3.0,137.9184
3,1,local_training,3.0,1565.6946999952197
3,1,comm_client_to_server,3.0,0.36550001823343337
3,1,comm_client_to_server_link,3.0,137.9184
3,1,comm_server_to_client,4.0,0.15089998487383127
3,1,comm_server_to_client_link,4.0,137.9184
3,1,local_training,4.0,2047.4992999807
3,1,comm_client_to_server,4.0,0.5712999845854938
3,1,comm_client_to_server_link,4.0,137.9184
3,1,fedavg,,3.7232000031508505
3,1,total_round,,7847.446400002809
3,2,comm_server_to_client,1.0,0.5331000138539821
3,2,comm_server_to_client_link,1.0,137.9184
3,2,local_training,1.0,2092.667099990649
3,2,comm_client_to_server,1.0,0.2734999870881438
3,2,comm_client_to_server_link,1.0,137.9184
3,2,comm_server_to_client,2.0,0.10000000474974513
3,2,comm_server_to_client_link,2.0,137.9184
3,2,local_training,2.0,2006.105899985414
3,2,comm_client_to_server,2.0,0.2550999925006181
3,2,comm_client_to_server_link,2.0,137.9184
3,2,comm_server_to_client,3.0,0.11029999586753547
3,2,comm_server_to_client_link,3.0,137.9184
3,2,local_training,3.0,2134.493099991232
3,2,comm_client_to_server,3.0,0.3601999778766185
3,2,comm_client_to_server_link,3.0,137.9184
3,2,comm_server_to_client,4.0,0.15889998758211732
3,2,comm_server_to_client_link,4.0,137.9184
3,2,local_training,4.0,2289.436499995645
3,2,comm_client_to_server,4.0,0.3031000087503344
3,2,comm_client_to_server_link,4.0,137.9184
3,2,fedavg,,1.6071000136435032
3,2,total_round,,8528.160799993202
3,3,comm_server_to_client,1.0,0.2716000017244369
3,3,comm_server_to_client_link,1.0,137.9184
3,3,local_training,1.0,1742.255799996201
3,3,comm_client_to_server,1.0,0.33239999902434647
3,3,comm_client_to_server_link,1.0,137.9184
3,3,comm_server_to_client,2.0,0.17139999545179307
3,3,comm_server_to_client_link,2.0,137.9184
3,3,local_training,2.0,1934.2459999897983
3,3,comm_client_to_server,2.0,0.2891999902203679
3,3,comm_client_to_server_link,2.0,137.9184
3,3,comm_server_to_client,3.0,0.1176999940071255
3,3,comm_server_to_client_link,3.0,137.9184
3,3,local_training,3.0,2216.7626000009477
3,3,comm_client_to_server,3.0,0.4560000088531524
3,3,comm_client_to_server_link,3.0,137.9184
3,3,comm_server_to_client,4.0,0.21440000273287296
3,3,comm_server_to_client_link,4.0,137.9184
3,3,local_training,4.0,2220.471600012388
3,3,comm_client_to_server,4.0,0.3426999901421368
3,3,comm_client_to_server_link,4.0,137.9184
3,3,fedavg,,2.017499995417893
3,3,total_round,,8119.040399993537
3,4,comm_server_to_client,1.0,0.3771000192500651
3,4,comm_server_to_client_link,1.0,137.9184
3,4,local_training,1.0,2158.122299995739
3,4,comm_client_to_server,1.0,0.2724000078160316
3,4,comm_client_to_server_link,1.0,137.9184
3,4,comm_server_to_client,2.0,0.10380000458098948
3,4,comm_server_to_client_link,2.0,137.9184
3,4,local_training,2.0,1938.8574000040535
3,4,comm_client_to_server,2.0,0.3740000247489661
3,4,comm_client_to_server_link,2.0,137.9184
3,4,comm_server_to_client,3.0,0.2429999876767397
3,4,comm_server_to_client_link,3.0,137.9184
3,4,local_training,3.0,2022.0185999933165
3,4,comm_client_to_server,3.0,0.31040000612847507
3,4,comm_client_to_server_link,3.0,137.9184
3,4,comm_server_to_client,4.0,0.1440000196453184
3,4,comm_server_to_client_link,4.0,137.9184
3,4,local_training,4.0,1944.3059999903198
3,4,comm_client_to_server,4.0,0.3099000023212284
3,4,comm_client_to_server_link,4.0,137.9184
3,4,fedavg,,2.1203999931458384
3,4,total_round,,8069.092999998247
3,5,comm_server_to_client,1.0,0.4288000054657459
3,5,comm_server_to_client_link,1.0,137.9184
3,5,local_training,1.0,2154.241100011859
3,5,comm_client_to_server,1.0,0.21200001356191933
3,5,comm_client_to_server_link,1.0,137.9184
3,5,comm_server_to_client,2.0,0.10699999984353781
3,5,comm_server_to_client_link,2.0,137.9184
3,5,local_training,2.0,2019.2372000019532
3,5,comm_client_to_server,2.0,0.4057000041939318
3,5,comm_client_to_server_link,2.0,137.9184
3,5,comm_server_to_client,3.0,0.22289998014457524
3,5,comm_server_to_client_link,3.0,137.9184
3,5,local_training,3.0,2252.0910000021104
3,5,comm_client_to_server,3.0,0.21320002269931138
3,5,comm_client_to_server_link,3.0,137.9184
3,5,comm_server_to_client,4.0,0.10530001600272954
3,5,comm_server_to_client_link,4.0,137.9184
3,5,local_training,4.0,2247.7749999961816
3,5,comm_client_to_server,4.0,0.35009998828172684
3,5,comm_client_to_server_link,4.0,137.9184
3,5,fedavg,,3.01210000179708
3,5,total_round,,8680.001300002914
3,6,comm_server_to_client,1.0,0.2486000012140721
3,6,comm_server_to_client_link,1.0,137.9184
3,6,local_training,1.0,2250.751199986553
3,6,comm_client_to_server,1.0,0.2500000118743628
3,6,comm_client_to_server_link,1.0,137.9184
3,6,comm_server_to_client,2.0,0.10400000610388815
3,6,comm_server_to_client_link,2.0,137.9184
3,6,local_training,2.0,2072.4193999776617
3,6,comm_client_to_server,2.0,0.2995000104419887
3,6,comm_client_to_server_link,2.0,137.9184
3,6,comm_server_to_client,3.0,0.14940000255592167
3,6,comm_server_to_client_link,3.0,137.9184
3,6,local_training,3.0,2369.0217999974266
3,6,comm_client_to_server,3.0,0.3105000068899244
3,6,comm_client_to_server_link,3.0,137.9184
3,6,comm_server_to_client,4.0,0.15999999595806003
3,6,comm_server_to_client_link,4.0,137.9184
3,6,local_training,4.0,3602.8690000239294
3,6,comm_client_to_server,4.0,0.6408000190276653
3,6,comm_client_to_server_link,4.0,137.9184
3,6,fedavg,,4.760599986184388
3,6,total_round,,10303.167699981714
3,7,comm_server_to_client,1.0,0.4948000132571906
3,7,comm_server_to_client_link,1.0,137.9184
3,7,local_training,1.0,5113.738000014564
3,7,comm_client_to_server,1.0,0.999899988528341
3,7,comm_client_to_server_link,1.0,137.9184
3,7,comm_server_to_client,2.0,0.4293000092729926
3,7,comm_server_to_client_link,2.0,137.9184
3,7,local_training,2.0,4901.188399991952
3,7,comm_client_to_server,2.0,0.4856000014115125
3,7,comm_client_to_server_link,2.0,137.9184
3,7,comm_server_to_client,3.0,0.2618999860715121
3,7,comm_server_to_client_link,3.0,137.9184
3,7,local_training,3.0,5290.145799983293
3,7,comm_client_to_server,3.0,0.7785999914631248
3,7,comm_client_to_server_link,3.0,137.9184
3,7,comm_server_to_client,4.0,0.6398999830707908
3,7,comm_server_to_client_link,4.0,137.9184
3,7,local_training,4.0,5908.0531999934465
3,7,comm_client_to_server,4.0,0.49569999100640416
3,7,comm_client_to_server_link,4.0,137.9184
3,7,fedavg,,3.9315999893005937
3,7,total_round,,21224.23120000167
3,8,comm_server_to_client,1.0,0.41870001587085426
3,8,comm_server_to_client_link,1.0,137.9184
3,8,local_training,1.0,7471.364500001073
3,8,comm_client_to_server,1.0,1.2171000125817955
3,8,comm_client_to_server_link,1.0,137.9184
3,8,comm_server_to_client,2.0,0.6589999829884619
3,8,comm_server_to_client_link,2.0,137.9184
3,8,local_training,2.0,5289.889300009236
3,8,comm_client_to_server,2.0,0.5549000052269548
3,8,comm_client_to_server_link,2.0,137.9184
3,8,comm_server_to_client,3.0,0.31269999453797936
3,8,comm_server_to_client_link,3.0,137.9184
3,8,local_training,3.0,5450.473900011275
3,8,comm_client_to_server,3.0,0.9353000205010176
3,8,comm_client_to_server_link,3.0,137.9184
3,8,comm_server_to_client,4.0,0.5086000019218773
3,8,comm_server_to_client_link,4.0,137.9184
3,8,local_training,4.0,5441.992100008065
3,8,comm_client_to_server,4.0,0.5100999842397869
3,8,comm_client_to_server_link,4.0,137.9184
3,8,fedavg,,5.5930000089574605
3,8,total_round,,23667.191799991997
3,9,comm_server_to_client,1.0,0.4621999978553504
3,9,comm_server_to_client_link,1.0,137.9184
3,9,local_training,1.0,5582.517800008645
3,9,comm_client_to_server,1.0,0.47950001317076385
3,9,comm_client_to_server_link,1.0,137.9184
3,9,comm_server_to_client,2.0,0.35489999572746456
3,9,comm_server_to_client_link,2.0,137.9184
3,9,local_training,2.0,6939.894699986326
3,9,comm_client_to_server,2.0,0.5485000147018582
3,9,comm_client_to_server_link,2.0,137.9184
3,9,comm_server_to_client,3.0,0.38339997990988195
3,9,comm_server_to_client_link,3.0,137.9184
3,9,local_training,3.0,6567.1562000061385
3,9,comm_client_to_server,3.0,0.5326000100467354
3,9,comm_client_to_server_link,3.0,137.9184
3,9,comm_server_to_client,4.0,0.41099998634308577
3,9,comm_server_to_client_link,4.0,137.9184
3,9,local_training,4.0,4676.776299980702
3,9,comm_client_to_server,4.0,0.9243999957107008
3,9,comm_client_to_server_link,4.0,137.9184
3,9,fedavg,,8.512100001098588
3,9,total_round,,23781.912100006593
3,10,comm_server_to_client,1.0,0.4656999954022467
3,10,comm_server_to_client_link,1.0,137.9184
3,10,local_training,1.0,5405.624200007878
3,10,comm_client_to_server,1.0,0.20889998995698988
3,10,comm_client_to_server_link,1.0,137.9184
3,10,comm_server_to_client,2.0,0.11409999569877982
3,10,comm_server_to_client_link,2.0,137.9184
3,10,local_training,2.0,2276.0404000000563
3,10,comm_client_to_server,2.0,0.21040000137872994
3,10,comm_client_to_server_link,2.0,137.9184
3,10,comm_server_to_client,3.0,0.09380001574754715
3,10,comm_server_to_client_link,3.0,137.9184
3,10,local_training,3.0,3771.7537000135053
3,10,comm_client_to_server,3.0,0.6465000042226166
3,10,comm_client_to_server_link,3.0,137.9184
3,10,comm_server_to_client,4.0,0.2933999930974096
3,10,comm_server_to_client_link,4.0,137.9184
3,10,local_training,4.0,7357.424399990123
3,10,comm_client_to_server,4.0,0.7215999939944595
3,10,comm_client_to_server_link,4.0,137.9184
3,10,fedavg,,6.663800013484433
3,10,total_round,,18823.084900010144
3,11,comm_server_to_client,1.0,1.185000000987202
3,11,comm_server_to_client_link,1.0,137.9184
3,11,local_training,1.0,6123.464000003878
3,11,comm_client_to_server,1.0,1.0455999872647226
3,11,comm_client_to_server_link,1.0,137.9184
3,11,comm_server_to_client,2.0,0.6602999928873032
3,11,comm_server_to_client_link,2.0,137.9184
3,11,local_training,2.0,5100.932100001955
3,11,comm_client_to_server,2.0,0.5428000004030764
3,11,comm_client_to_server_link,2.0,137.9184
3,11,comm_server_to_client,3.0,0.3184000088367611
3,11,comm_server_to_client_link,3.0,137.9184
3,11,local_training,3.0,4862.960700003896
3,11,comm_client_to_server,3.0,0.46519999159500003
3,11,comm_client_to_server_link,3.0,137.9184
3,11,comm_server_to_client,4.0,0.2589999930933118
3,11,comm_server_to_client_link,4.0,137.9184
3,11,local_training,4.0,5845.234999986133
3,11,comm_client_to_server,4.0,0.9930000232998282
3,11,comm_client_to_server_link,4.0,137.9184
3,11,fedavg,,10.184200014919043
3,11,total_round,,21953.923199995188
3,12,comm_server_to_client,1.0,0.6289999873843044
3,12,comm_server_to_client_link,1.0,137.9184
3,12,local_training,1.0,5926.611299975775
3,12,comm_client_to_server,1.0,0.5120999994687736
3,12,comm_client_to_server_link,1.0,137.9184
3,12,comm_server_to_client,2.0,0.3778999962378293
3,12,comm_server_to_client_link,2.0,137.9184
3,12,local_training,2.0,4975.371000007726
3,12,comm_client_to_server,2.0,0.5182999884709716
3,12,comm_client_to_server_link,2.0,137.9184
3,12,comm_server_to_client,3.0,0.3825000021606684
3,12,comm_server_to_client_link,3.0,137.9184
3,12,local_training,3.0,4735.395900002914
3,12,comm_client_to_server,3.0,0.5250999820418656
3,12,comm_client_to_server_link,3.0,137.9184
3,12,comm_server_to_client,4.0,0.3203999949619174
3,12,comm_server_to_client_link,4.0,137.9184
3,12,local_training,4.0,4861.145400005626
3,12,comm_client_to_server,4.0,0.47339999582618475
3,12,comm_client_to_server_link,4.0,137.9184
3,12,fedavg,,3.7748999893665314
3,12,total_round,,20508.967100002337
3,13,comm_server_to_client,1.0,0.686699990183115
3,13,comm_server_to_client_link,1.0,137.9184
3,13,local_training,1.0,4842.9344999894965
3,13,comm_client_to_server,1.0,0.44299999717622995
3,13,comm_client_to_server_link,1.0,137.9184
3,13,comm_server_to_client,2.0,0.24689998826943338
3,13,comm_server_to_client_link,2.0,137.9184
3,13,local_training,2.0,4643.468700000085
3,13,comm_client_to_server,2.0,0.4343999898992479
3,13,comm_client_to_server_link,2.0,137.9184
3,13,comm_server_to_client,3.0,0.24500000290572643
3,13,comm_server_to_client_link,3.0,137.9184
3,13,local_training,3.0,5123.423799988814
3,13,comm_client_to_server,3.0,0.47190001350827515
3,13,comm_client_to_server_link,3.0,137.9184
3,13,comm_server_to_client,4.0,0.3133999998681247
3,13,comm_server_to_client_link,4.0,137.9184
3,13,local_training,4.0,4769.877099985024
3,13,comm_client_to_server,4.0,0.8901999972295016
3,13,comm_client_to_server_link,4.0,137.9184
3,13,fedavg,,4.913399985525757
3,13,total_round,,19391.70340000419
3,14,comm_server_to_client,1.0,0.4406000080052763
3,14,comm_server_to_client_link,1.0,137.9184
3,14,local_training,1.0,4781.31890000077
3,14,comm_client_to_server,1.0,0.46519999159500003
3,14,comm_client_to_server_link,1.0,137.9184
3,14,comm_server_to_client,2.0,0.2691000117920339
3,14,comm_server_to_client_link,2.0,137.9184
3,14,local_training,2.0,5751.129599986598
3,14,comm_client_to_server,2.0,0.6898999854456633
3,14,comm_client_to_server_link,2.0,137.9184
3,14,comm_server_to_client,3.0,0.44049997813999653
3,14,comm_server_to_client_link,3.0,137.9184
3,14,local_training,3.0,6996.083200006979
3,14,comm_client_to_server,3.0,0.5945000157225877
3,14,comm_client_to_server_link,3.0,137.9184
3,14,comm_server_to_client,4.0,0.45339998905546963
3,14,comm_server_to_client_link,4.0,137.9184
3,14,local_training,4.0,6460.3480999940075
3,14,comm_client_to_server,4.0,0.5701999762095511
3,14,comm_client_to_server_link,4.0,137.9184
3,14,fedavg,,8.142499980749562
3,14,total_round,,24003.967299999204
3,15,comm_server_to_client,1.0,0.539999979082495
3,15,comm_server_to_client_link,1.0,137.9184
3,15,local_training,1.0,5498.756900022272
3,15,comm_client_to_server,1.0,0.5637999856844544
3,15,comm_client_to_server_link,1.0,137.9184
3,15,comm_server_to_client,2.0,0.3513999981805682
3,15,comm_server_to_client_link,2.0,137.9184
3,15,local_training,2.0,4968.327399983536
3,15,comm_client_to_server,2.0,0.5469000025186688
3,15,comm_client_to_server_link,2.0,137.9184
3,15,comm_server_to_client,3.0,0.4064000095240772
3,15,comm_server_to_client_link,3.0,137.9184
3,15,local_training,3.0,4987.187599996105
3,15,comm_client_to_server,3.0,0.5332999862730503
3,15,comm_client_to_server_link,3.0,137.9184
3,15,comm_server_to_client,4.0,0.3384999872650951
3,15,comm_server_to_client_link,4.0,137.9184
3,15,local_training,4.0,4847.224000026472
3,15,comm_client_to_server,4.0,0.444200006313622
3,15,comm_client_to_server_link,4.0,137.9184
3,15,fedavg,,4.307299997890368
3,15,total_round,,20312.240300001577
3,16,comm_server_to_client,1.0,0.44329999946057796
3,16,comm_server_to_client_link,1.0,137.9184
3,16,local_training,1.0,4942.284099990502
3,16,comm_client_to_server,1.0,0.4507999983616173
3,16,comm_client_to_server_link,1.0,137.9184
3,16,comm_server_to_client,2.0,0.2437999937683344
3,16,comm_server_to_client_link,2.0,137.9184
3,16,local_training,2.0,5161.874799989164
3,16,comm_client_to_server,2.0,0.540599983651191
3,16,comm_client_to_server_link,2.0,137.9184
3,16,comm_server_to_client,3.0,0.378400000045076
3,16,comm_server_to_client_link,3.0,137.9184
3,16,local_training,3.0,4791.433500009589
3,16,comm_client_to_server,3.0,0.5802999949082732
3,16,comm_client_to_server_link,3.0,137.9184
3,16,comm_server_to_client,4.0,0.3462000167928636
3,16,comm_server_to_client_link,4.0,137.9184
3,16,local_training,4.0,4742.845200002193
3,16,comm_client_to_server,4.0,0.5265999934636056
3,16,comm_client_to_server_link,4.0,137.9184
3,16,fedavg,,8.640499989269301
3,16,total_round,,19653.222399996594
3,17,comm_server_to_client,1.0,0.5175000114832073
3,17,comm_server_to_client_link,1.0,137.9184
3,17,local_training,1.0,4834.943699999712
3,17,comm_client_to_server,1.0,0.5277000018395483
3,17,comm_client_to_server_link,1.0,137.9184
3,17,comm_server_to_client,2.0,0.3139999753329903
3,17,comm_server_to_client_link,2.0,137.9184
3,17,local_training,2.0,4857.9919999756385
3,17,comm_client_to_server,2.0,1.1573999945539981
3,17,comm_client_to_server_link,2.0,137.9184
3,17,comm_server_to_client,3.0,0.4025000089313835
3,17,comm_server_to_client_link,3.0,137.9184
3,17,local_training,3.0,4708.5169999918435
3,17,comm_client_to_server,3.0,0.44880001223646104
3,17,comm_client_to_server_link,3.0,137.9184
3,17,comm_server_to_client,4.0,0.26780000189319253
3,17,comm_server_to_client_link,4.0,137.9184
3,17,local_training,4.0,5476.317299995571
3,17,comm_client_to_server,4.0,0.9809999901335686
3,17,comm_client_to_server_link,4.0,137.9184
3,17,fedavg,,9.802200016565621
3,17,total_round,,19895.148100011284
3,18,comm_server_to_client,1.0,0.4901000065729022
3,18,comm_server_to_client_link,1.0,137.9184
3,18,local_training,1.0,6416.86130000744
3,18,comm_client_to_server,1.0,0.5003999976906925
3,18,comm_client_to_server_link,1.0,137.9184
3,18,comm_server_to_client,2.0,0.31239999225363135
3,18,comm_server_to_client_link,2.0,137.9184
3,18,local_training,2.0,4744.984499993734
3,18,comm_client_to_server,2.0,0.5727999960072339
3,18,comm_client_to_server_link,2.0,137.9184
3,18,comm_server_to_client,3.0,0.42180001037195325
3,18,comm_server_to_client_link,3.0,137.9184
3,18,local_training,3.0,4529.6902999980375
3,18,comm_client_to_server,3.0,0.4807999939657748
3,18,comm_client_to_server_link,3.0,137.9184
3,18,comm_server_to_client,4.0,0.2905000001192093
3,18,comm_server_to_client_link,4.0,137.9184
3,18,local_training,4.0,4902.347600000212
3,18,comm_client_to_server,4.0,0.45950000640004873
3,18,comm_client_to_server_link,4.0,137.9184
3,18,fedavg,,5.336400005035102
3,18,total_round,,20605.410699994536
3,19,comm_server_to_client,1.0,0.3789000038523227
3,19,comm_server_to_client_link,1.0,137.9184
3,19,local_training,1.0,6223.281800019322
3,19,comm_client_to_server,1.0,0.5190000229049474
3,19,comm_client_to_server_link,1.0,137.9184
3,19,comm_server_to_client,2.0,0.3234000178053975
3,19,comm_server_to_client_link,2.0,137.9184
3,19,local_training,2.0,4808.397300017532
3,19,comm_client_to_server,2.0,0.6121000042185187
3,19,comm_client_to_server_link,2.0,137.9184
3,19,comm_server_to_client,3.0,0.33710000570863485
3,19,comm_server_to_client_link,3.0,137.9184
3,19,local_training,3.0,4701.924199995119
3,19,comm_client_to_server,3.0,0.47339999582618475
3,19,comm_client_to_server_link,3.0,137.9184
3,19,comm_server_to_client,4.0,0.30640000477433205
3,19,comm_server_to_client_link,4.0,137.9184
3,19,local_training,4.0,4741.476600000169
3,19,comm_client_to_server,4.0,0.46030001249164343
3,19,comm_client_to_server_link,4.0,137.9184
3,19,fedavg,,4.11879998864606
3,19,total_round,,20486.130300007062
3,20,comm_server_to_client,1.0,0.5310999986249954
3,20,comm_server_to_client_link,1.0,137.9184
3,20,local_training,1.0,4793.439100001706
3,20,comm_client_to_server,1.0,0.4945000109728426
3,20,comm_client_to_server_link,1.0,137.9184
3,20,comm_server_to_client,2.0,0.32410002313554287
3,20,comm_server_to_client_link,2.0,137.9184
3,20,local_training,2.0,4757.617000024766
3,20,comm_client_to_server,2.0,0.47339999582618475
3,20,comm_client_to_server_link,2.0,137.9184
3,20,comm_server_to_client,3.0,0.3184000088367611
3,20,comm_server_to_client_link,3.0,137.9184
3,20,local_training,3.0,5382.977000001119
3,20,comm_client_to_server,3.0,0.527900003362447
3,20,comm_client_to_server_link,3.0,137.9184
3,20,comm_server_to_client,4.0,0.822600006358698
3,20,comm_server_to_client_link,4.0,137.9184
3,20,local_training,4.0,5077.067899983376
3,20,comm_client_to_server,4.0,0.5120999994687736
3,20,comm_client_to_server_link,4.0,137.9184
3,20,fedavg,,4.200600000331178
3,20,total_round,,20022.978499997407
4,1,comm_server_to_client,1.0,1.0990999871864915
4,1,comm_server_to_client_link,1.0,137.9184
4,1,local_training,1.0,6130.205699999351
4,1,comm_client_to_server,1.0,0.7006000087130815
4,1,comm_client_to_server_link,1.0,137.9184
4,1,comm_server_to_client,2.0,0.6315000064205378
4,1,comm_server_to_client_link,2.0,137.9184
4,1,local_training,2.0,6212.693300010869
4,1,comm_client_to_server,2.0,1.30079998052679
4,1,comm_client_to_server_link,2.0,137.9184
4,1,comm_server_to_client,3.0,1.2117000005673617
4,1,comm_server_to_client_link,3.0,137.9184
4,1,local_training,3.0,6956.880399986403
4,1,comm_client_to_server,3.0,0.5828000139445066
4,1,comm_client_to_server_link,3.0,137.9184
4,1,comm_server_to_client,4.0,0.34489997779019177
4,1,comm_server_to_client_link,4.0,137.9184
4,1,local_training,4.0,6024.812499992549
4,1,comm_client_to_server,4.0,0.7171999895945191
4,1,comm_client_to_server_link,4.0,137.9184
4,1,fedavg,,9.863499988568947
4,1,total_round,,25359.99840000295
4,2,comm_server_to_client,1.0,0.8565000025555491
4,2,comm_server_to_client_link,1.0,137.9184
4,2,local_training,1.0,5095.457499992335
4,2,comm_client_to_server,1.0,0.962200021604076
4,2,comm_client_to_server_link,1.0,137.9184
4,2,comm_server_to_client,2.0,0.3268999862484634
4,2,comm_server_to_client_link,2.0,137.9184
4,2,local_training,2.0,6615.733200014802
4,2,comm_client_to_server,2.0,0.6323999841697514
4,2,comm_client_to_server_link,2.0,137.9184
4,2,comm_server_to_client,3.0,0.33729997812770307
4,2,comm_server_to_client_link,3.0,137.9184
4,2,local_training,3.0,5426.669100008439
4,2,comm_client_to_server,3.0,0.5954999942332506
4,2,comm_client_to_server_link,3.0,137.9184
4,2,comm_server_to_client,4.0,0.34149998100474477
4,2,comm_server_to_client_link,4.0,137.9184
4,2,local_training,4.0,4649.014499998884
4,2,comm_client_to_server,4.0,0.5848999717272818
4,2,comm_client_to_server_link,4.0,137.9184
4,2,fedavg,,8.525899989763275
4,2,total_round,,21802.81749999267
4,3,comm_server_to_client,1.0,0.5948000180069357
4,3,comm_server_to_client_link,1.0,137.9184
4,3,local_training,1.0,4681.282200006535
4,3,comm_client_to_server,1.0,1.0107000125572085
4,3,comm_client_to_server_link,1.0,137.9184
4,3,comm_server_to_client,2.0,0.7174000202212483
4,3,comm_server_to_client_link,2.0,137.9184
4,3,local_training,2.0,4788.911499985261
4,3,comm_client_to_server,2.0,0.604200002271682
4,3,comm_client_to_server_link,2.0,137.9184
4,3,comm_server_to_client,3.0,0.34249998861923814
4,3,comm_server_to_client_link,3.0,137.9184
4,3,local_training,3.0,4760.171400004765
4,3,comm_client_to_server,3.0,0.593100005062297
4,3,comm_client_to_server_link,3.0,137.9184
4,3,comm_server_to_client,4.0,0.3132999991066754
4,3,comm_server_to_client_link,4.0,137.9184
4,3,local_training,4.0,6368.213799985824
4,3,comm_client_to_server,4.0,0.5801999941468239
4,3,comm_client_to_server_link,4.0,137.9184
4,3,fedavg,,5.771299998741597
4,3,total_round,,20612.917499995092
4,4,comm_server_to_client,1.0,0.5881999968551099
4,4,comm_server_to_client_link,1.0,137.9184
4,4,local_training,1.0,5749.873799999477
4,4,comm_client_to_server,1.0,1.060100010363385
4,4,comm_client_to_server_link,1.0,137.9184
4,4,comm_server_to_client,2.0,0.6895000115036964
4,4,comm_server_to_client_link,2.0,137.9184
4,4,local_training,2.0,5769.354599993676
4,4,comm_client_to_server,2.0,0.4940000071655959
4,4,comm_client_to_server_link,2.0,137.9184
4,4,comm_server_to_client,3.0,0.30020001577213407
4,4,comm_server_to_client_link,3.0,137.9184
4,4,local_training,3.0,4878.449400013778
4,4,comm_client_to_server,3.0,0.7766000053379685
4,4,comm_client_to_server_link,3.0,137.9184
4,4,comm_server_to_client,4.0,0.48210000386461616
4,4,comm_server_to_client_link,4.0,137.9184
4,4,local_training,4.0,5390.290599985747
4,4,comm_client_to_server,4.0,0.8242000185418874
4,4,comm_client_to_server_link,4.0,137.9184
4,4,fedavg,,9.681099996669218
4,4,total_round,,21805.941099999472
4,5,comm_server_to_client,1.0,0.3189999843016267
4,5,comm_server_to_client_link,1.0,137.9184
4,5,local_training,1.0,7439.877600001637
4,5,comm_client_to_server,1.0,1.1082000273745507
4,5,comm_client_to_server_link,1.0,137.9184
4,5,comm_server_to_client,2.0,0.5546999746002257
4,5,comm_server_to_client_link,2.0,137.9184
4,5,local_training,2.0,5842.565700004343
4,5,comm_client_to_server,2.0,0.531300000147894
4,5,comm_client_to_server_link,2.0,137.9184
4,5,comm_server_to_client,3.0,0.2852999896276742
4,5,comm_server_to_client_link,3.0,137.9184
4,5,local_training,3.0,4555.269800010137
4,5,comm_client_to_server,3.0,0.21999998716637492
4,5,comm_client_to_server_link,3.0,137.9184
4,5,comm_server_to_client,4.0,0.08589998469687998
4,5,comm_server_to_client_link,4.0,137.9184
4,5,local_training,4.0,2078.3297999878414
4,5,comm_client_to_server,4.0,0.231999991228804
4,5,comm_client_to_server_link,4.0,137.9184
4,5,fedavg,,1.3386000064201653
4,5,total_round,,19923.329699988244
4,6,comm_server_to_client,1.0,0.23740000324323773
4,6,comm_server_to_client_link,1.0,137.9184
4,6,local_training,1.0,1961.4043000037782
4,6,comm_client_to_server,1.0,0.4394999996293336
4,6,comm_client_to_server_link,1.0,137.9184
4,6,comm_server_to_client,2.0,0.16540000797249377
4,6,comm_server_to_client_link,2.0,137.9184
4,6,local_training,2.0,2497.8848000173457
4,6,comm_client_to_server,2.0,0.3313999914098531
4,6,comm_client_to_server_link,2.0,137.9184
4,6,comm_server_to_client,3.0,0.1100999943446368
4,6,comm_server_to_client_link,3.0,137.9184
4,6,local_training,3.0,1739.3099000037182
4,6,comm_client_to_server,3.0,0.25450001703575253
4,6,comm_client_to_server_link,3.0,137.9184
4,6,comm_server_to_client,4.0,0.10179998935200274
4,6,comm_server_to_client_link,4.0,137.9184
4,6,local_training,4.0,2079.341899981955
4,6,comm_client_to_server,4.0,0.5817000055685639
4,6,comm_client_to_server_link,4.0,137.9184
4,6,fedavg,,1.9604999979492277
4,6,total_round,,8283.273599983659
4,7,comm_server_to_client,1.0,0.23440000950358808
4,7,comm_server_to_client_link,1.0,137.9184
4,7,local_training,1.0,2029.206500010332
4,7,comm_client_to_server,1.0,0.3026999766007066
4,7,comm_client_to_server_link,1.0,137.9184
4,7,comm_server_to_client,2.0,0.12399998377077281
4,7,comm_server_to_client_link,2.0,137.9184
4,7,local_training,2.0,2090.901000017766
4,7,comm_client_to_server,2.0,0.33290000283159316
4,7,comm_client_to_server_link,2.0,137.9184
4,7,comm_server_to_client,3.0,0.152299995534122
4,7,comm_server_to_client_link,3.0,137.9184
4,7,local_training,3.0,2169.8066999961156
4,7,comm_client_to_server,3.0,0.23289999808184803
4,7,comm_client_to_server_link,3.0,137.9184
4,7,comm_server_to_client,4.0,0.1100999943446368
4,7,comm_server_to_client_link,4.0,137.9184
4,7,local_training,4.0,2354.357500007609
4,7,comm_client_to_server,4.0,0.27520000003278255
4,7,comm_client_to_server_link,4.0,137.9184
4,7,fedavg,,2.7218000032007694
4,7,total_round,,8650.4358999955
4,8,comm_server_to_client,1.0,0.2066000015474856
4,8,comm_server_to_client_link,1.0,137.9184
4,8,local_training,1.0,2326.5456999943126
4,8,comm_client_to_server,1.0,0.3072999825235456
4,8,comm_client_to_server_link,1.0,137.9184
4,8,comm_server_to_client,2.0,0.16129997675307095
4,8,comm_server_to_client_link,2.0,137.9184
4,8,local_training,2.0,5897.1242000116035
4,8,comm_client_to_server,2.0,0.5588000058196485
4,8,comm_client_to_server_link,2.0,137.9184
4,8,comm_server_to_client,3.0,0.3149000112898648
4,8,comm_server_to_client_link,3.0,137.9184
4,8,local_training,3.0,11090.078800014453
4,8,comm_client_to_server,3.0,0.8242999901995063
4,8,comm_client_to_server_link,3.0,137.9184
4,8,comm_server_to_client,4.0,0.6989000248722732
4,8,comm_server_to_client_link,4.0,137.9184
4,8,local_training,4.0,6207.518500013975
4,8,comm_client_to_server,4.0,0.6310000026132911
4,8,comm_client_to_server_link,4.0,137.9184
4,8,fedavg,,7.230999995954335
4,8,total_round,,25533.540000003995
4,9,comm_server_to_client,1.0,0.4628000024240464
4,9,comm_server_to_client_link,1.0,137.9184
4,9,local_training,1.0,10981.756699999096
4,9,comm_client_to_server,1.0,0.5541999998968095
4,9,comm_client_to_server_link,1.0,137.9184
4,9,comm_server_to_client,2.0,0.4044999950565398
4,9,comm_server_to_client_link,2.0,137.9184
4,9,local_training,2.0,5514.712600008352
4,9,comm_client_to_server,2.0,0.5249999812804163
4,9,comm_client_to_server_link,2.0,137.9184
4,9,comm_server_to_client,3.0,0.32959997770376503
4,9,comm_server_to_client_link,3.0,137.9184
4,9,local_training,3.0,5582.621999987168
4,9,comm_client_to_server,3.0,0.5011000030208379
4,9,comm_client_to_server_link,3.0,137.9184
4,9,comm_server_to_client,4.0,0.3372000064700842
4,9,comm_server_to_client_link,4.0,137.9184
4,9,local_training,4.0,5021.11580001656
4,9,comm_client_to_server,4.0,0.48570000217296183
4,9,comm_client_to_server_link,4.0,137.9184
4,9,fedavg,,4.119099990930408
4,9,total_round,,27110.611999989487
4,10,comm_server_to_client,1.0,0.46499999007210135
4,10,comm_server_to_client_link,1.0,137.9184
4,10,local_training,1.0,5331.546300003538
4,10,comm_client_to_server,1.0,0.5714999861083925
4,10,comm_client_to_server_link,1.0,137.9184
4,10,comm_server_to_client,2.0,0.6374999938998371
4,10,comm_server_to_client_link,2.0,137.9184
4,10,local_training,2.0,5142.290799994953
4,10,comm_client_to_server,2.0,0.5212999822106212
4,10,comm_client_to_server_link,2.0,137.9184
4,10,comm_server_to_client,3.0,0.34100000630132854
4,10,comm_server_to_client_link,3.0,137.9184
4,10,local_training,3.0,5290.4306999989785
4,10,comm_client_to_server,3.0,0.48990000505000353
4,10,comm_client_to_server_link,3.0,137.9184
4,10,comm_server_to_client,4.0,0.360500009264797
4,10,comm_server_to_client_link,4.0,137.9184
4,10,local_training,4.0,5690.575999993598
4,10,comm_client_to_server,4.0,0.7167999865487218
4,10,comm_client_to_server_link,4.0,137.9184
4,10,fedavg,,8.0733000067994
4,10,total_round,,21469.80859999894
4,11,comm_server_to_client,1.0,0.7716999971307814
4,11,comm_server_to_client_link,1.0,137.9184
4,11,local_training,1.0,5993.494099995587
4,11,comm_client_to_server,1.0,0.5732999998144805
4,11,comm_client_to_server_link,1.0,137.9184
4,11,comm_server_to_client,2.0,0.35669998032972217
4,11,comm_server_to_client_link,2.0,137.9184
4,11,local_training,2.0,5030.710899998667
4,11,comm_client_to_server,2.0,0.8707000233698636
4,11,comm_client_to_server_link,2.0,137.9184
4,11,comm_server_to_client,3.0,0.6531999970320612
4,11,comm_server_to_client_link,3.0,137.9184
4,11,local_training,3.0,5037.870100000873
4,11,comm_client_to_server,3.0,0.47109997831285
4,11,comm_client_to_server_link,3.0,137.9184
4,11,comm_server_to_client,4.0,0.29869997524656355
4,11,comm_server_to_client_link,4.0,137.9184
4,11,local_training,4.0,5313.8010000111535
4,11,comm_client_to_server,4.0,1.004199992166832
4,11,comm_client_to_server_link,4.0,137.9184
4,11,fedavg,,7.2472000028938055
4,11,total_round,,21392.662099999143
4,12,comm_server_to_client,1.0,0.4667000030167401
4,12,comm_server_to_client_link,1.0,137.9184
4,12,local_training,1.0,5188.954800018109
4,12,comm_client_to_server,1.0,0.5421999958343804
4,12,comm_client_to_server_link,1.0,137.9184
4,12,comm_server_to_client,2.0,0.34290002076886594
4,12,comm_server_to_client_link,2.0,137.9184
4,12,local_training,2.0,5755.832399998326
4,12,comm_client_to_server,2.0,0.9484000038355589
4,12,comm_client_to_server_link,2.0,137.9184
4,12,comm_server_to_client,3.0,0.5935000081080943
4,12,comm_server_to_client_link,3.0,137.9184
4,12,local_training,3.0,5188.795299996855
4,12,comm_client_to_server,3.0,0.5283000064082444
4,12,comm_client_to_server_link,3.0,137.9184
4,12,comm_server_to_client,4.0,0.31480001052841544
4,12,comm_server_to_client_link,4.0,137.9184
4,12,local_training,4.0,4850.616999989143
4,12,comm_client_to_server,4.0,0.7022999925538898
4,12,comm_client_to_server_link,4.0,137.9184
4,12,fedavg,,5.573200003709644
4,12,total_round,,20997.094699996524
4,13,comm_server_to_client,1.0,1.0106000117957592
4,13,comm_server_to_client_link,1.0,137.9184
4,13,local_training,1.0,6111.642000003485
4,13,comm_client_to_server,1.0,0.694699992891401
4,13,comm_client_to_server_link,1.0,137.9184
4,13,comm_server_to_client,2.0,0.5892000044696033
4,13,comm_server_to_client_link,2.0,137.9184
4,13,local_training,2.0,6697.585299989441
4,13,comm_client_to_server,2.0,0.7148000004235655
4,13,comm_client_to_server_link,2.0,137.9184
4,13,comm_server_to_client,3.0,0.5036000220570713
4,13,comm_server_to_client_link,3.0,137.9184
4,13,local_training,3.0,7403.664799989201
4,13,comm_client_to_server,3.0,1.0159000230487436
4,13,comm_client_to_server_link,3.0,137.9184
4,13,comm_server_to_client,4.0,0.679299992043525
4,13,comm_server_to_client_link,4.0,137.9184
4,13,local_training,4.0,5319.966800016118
4,13,comm_client_to_server,4.0,0.44249999336898327
4,13,comm_client_to_server_link,4.0,137.9184
4,13,fedavg,,3.837199998088181
4,13,total_round,,25548.553699976765
4,14,comm_server_to_client,1.0,0.43280000681988895
4,14,comm_server_to_client_link,1.0,137.9184
4,14,local_training,1.0,4884.451999998419
4,14,comm_client_to_server,1.0,0.4597000079229474
4,14,comm_client_to_server_link,1.0,137.9184
4,14,comm_server_to_client,2.0,0.26169998454861343
4,14,comm_server_to_client_link,2.0,137.9184
4,14,local_training,2.0,4913.260100001935
4,14,comm_client_to_server,2.0,0.8860000234562904
4,14,comm_client_to_server_link,2.0,137.9184
4,14,comm_server_to_client,3.0,0.29680001898668706
4,14,comm_server_to_client_link,3.0,137.9184
4,14,local_training,3.0,4985.245100018801
4,14,comm_client_to_server,3.0,0.4474000015761703
4,14,comm_client_to_server_link,3.0,137.9184
4,14,comm_server_to_client,4.0,0.2792000013869256
4,14,comm_server_to_client_link,4.0,137.9184
4,14,local_training,4.0,5286.54309999547
4,14,comm_client_to_server,4.0,0.48309998237527907
4,14,comm_client_to_server_link,4.0,137.9184
4,14,fedavg,,4.343400010839105
4,14,total_round,,20080.78660001047
4,15,comm_server_to_client,1.0,0.47480000648647547
4,15,comm_server_to_client_link,1.0,137.9184
4,15,local_training,1.0,4781.082400004379
4,15,comm_client_to_server,1.0,0.46690000453963876
4,15,comm_client_to_server_link,1.0,137.9184
4,15,comm_server_to_client,2.0,0.29830000130459666
4,15,comm_server_to_client_link,2.0,137.9184
4,15,local_training,2.0,5315.569099999266
4,15,comm_client_to_server,2.0,0.43999997433274984
4,15,comm_client_to_server_link,2.0,137.9184
4,15,comm_server_to_client,3.0,0.47339999582618475
4,15,comm_server_to_client_link,3.0,137.9184
4,15,local_training,3.0,4809.982799983118
4,15,comm_client_to_server,3.0,0.7432999846059829
4,15,comm_client_to_server_link,3.0,137.9184
4,15,comm_server_to_client,4.0,0.4746000049635768
4,15,comm_server_to_client_link,4.0,137.9184
4,15,local_training,4.0,4643.778099998599
4,15,comm_client_to_server,4.0,0.6935000128578395
4,15,comm_client_to_server_link,4.0,137.9184
4,15,fedavg,,9.245699999155477
4,15,total_round,,19567.2126999998
4,16,comm_server_to_client,1.0,0.41950002196244895
4,16,comm_server_to_client_link,1.0,137.9184
4,16,local_training,1.0,5033.2572000043
4,16,comm_client_to_server,1.0,0.43990000267513096
4,16,comm_client_to_server_link,1.0,137.9184
4,16,comm_server_to_client,2.0,0.2722000062931329
4,16,comm_server_to_client_link,2.0,137.9184
4,16,local_training,2.0,4885.841100011021
4,16,comm_client_to_server,2.0,0.5071999912615865
4,16,comm_client_to_server_link,2.0,137.9184
4,16,comm_server_to_client,3.0,0.30360001255758107
4,16,comm_server_to_client_link,3.0,137.9184
4,16,local_training,3.0,5009.646400023485
4,16,comm_client_to_server,3.0,0.4884999943897128
4,16,comm_client_to_server_link,3.0,137.9184
4,16,comm_server_to_client,4.0,0.29990001348778605
4,16,comm_server_to_client_link,4.0,137.9184
4,16,local_training,4.0,4790.741799981333
4,16,comm_client_to_server,4.0,0.4549000004772097
4,16,comm_client_to_server_link,4.0,137.9184
4,16,fedavg,,7.17529997928068
4,16,total_round,,19732.571100001223
4,17,comm_server_to_client,1.0,0.46079998719505966
4,17,comm_server_to_client_link,1.0,137.9184
4,17,local_training,1.0,5694.986800022889
4,17,comm_client_to_server,1.0,1.031799998600036
4,17,comm_client_to_server_link,1.0,137.9184
4,17,comm_server_to_client,2.0,0.8280999900307506
4,17,comm_server_to_client_link,2.0,137.9184
4,17,local_training,2.0,6390.203499991912
4,17,comm_client_to_server,2.0,0.5589999782387167
4,17,comm_client_to_server_link,2.0,137.9184
4,17,comm_server_to_client,3.0,0.2741999924182892
4,17,comm_server_to_client_link,3.0,137.9184
4,17,local_training,3.0,5017.505399999209
4,17,comm_client_to_server,3.0,0.5130000063218176
4,17,comm_client_to_server_link,3.0,137.9184
4,17,comm_server_to_client,4.0,0.48240000614896417
4,17,comm_server_to_client_link,4.0,137.9184
4,17,local_training,4.0,4716.841500019655
4,17,comm_client_to_server,4.0,0.5203000036999583
4,17,comm_client_to_server_link,4.0,137.9184
4,17,fedavg,,4.3335999944247305
4,17,total_round,,21831.467400013935
4,18,comm_server_to_client,1.0,0.5096000095363706
4,18,comm_server_to_client_link,1.0,137.9184
4,18,local_training,1.0,4601.6112999932375
4,18,comm_client_to_server,1.0,0.4793000116478652
4,18,comm_client_to_server_link,1.0,137.9184
4,18,comm_server_to_client,2.0,0.34080000477842987
4,18,comm_server_to_client_link,2.0,137.9184
4,18,local_training,2.0,4582.908199983649
4,18,comm_client_to_server,2.0,0.5107000179123133
4,18,comm_client_to_server_link,2.0,137.9184
4,18,comm_server_to_client,3.0,0.3100000030826777
4,18,comm_server_to_client_link,3.0,137.9184
4,18,local_training,3.0,5465.450999996392
4,18,comm_client_to_server,3.0,0.7608999731019139
4,18,comm_client_to_server_link,3.0,137.9184
4,18,comm_server_to_client,4.0,0.6054000114090741
4,18,comm_server_to_client_link,4.0,137.9184
4,18,local_training,4.0,5551.441599993268
4,18,comm_client_to_server,4.0,0.5061000119894743
4,18,comm_client_to_server_link,4.0,137.9184
4,18,fedavg,,5.968200013739988
4,18,total_round,,20214.217100001406
4,19,comm_server_to_client,1.0,1.047199999447912
4,19,comm_server_to_client_link,1.0,137.9184
4,19,local_training,1.0,5365.495400008513
4,19,comm_client_to_server,1.0,0.5697000015061349
4,19,comm_client_to_server_link,1.0,137.9184
4,19,comm_server_to_client,2.0,0.36609999369829893
4,19,comm_server_to_client_link,2.0,137.9184
4,19,local_training,2.0,5499.190600006841
4,19,comm_client_to_server,2.0,0.5658000009134412
4,19,comm_client_to_server_link,2.0,137.9184
4,19,comm_server_to_client,3.0,0.3321999975014478
4,19,comm_server_to_client_link,3.0,137.9184
4,19,local_training,3.0,5941.934200003743
4,19,comm_client_to_server,3.0,0.516800006153062
4,19,comm_client_to_server_link,3.0,137.9184
4,19,comm_server_to_client,4.0,0.35219997516833246
4,19,comm_server_to_client_link,4.0,137.9184
4,19,local_training,4.0,3289.5609000115655
4,19,comm_client_to_server,4.0,0.2597999991849065
4,19,comm_client_to_server_link,4.0,137.9184
4,19,fedavg,,1.954400009708479
4,19,total_round,,20105.733500007773
4,20,comm_server_to_client,1.0,0.23639999562874436
4,20,comm_server_to_client_link,1.0,137.9184
4,20,local_training,1.0,1964.4024999870453
4,20,comm_client_to_server,1.0,0.21430000197142363
4,20,comm_client_to_server_link,1.0,137.9184
4,20,comm_server_to_client,2.0,0.10109998402185738
4,20,comm_server_to_client_link,2.0,137.9184
4,20,local_training,2.0,2155.881499988027
4,20,comm_client_to_server,2.0,0.2508000179659575
4,20,comm_client_to_server_link,2.0,137.9184
4,20,comm_server_to_client,3.0,0.13550001312978566
4,20,comm_server_to_client_link,3.0,137.9184
4,20,local_training,3.0,2439.969500002917
4,20,comm_client_to_server,3.0,0.23850001161918044
4,20,comm_client_to_server_link,3.0,137.9184
4,20,comm_server_to_client,4.0,0.12000001152046025
4,20,comm_server_to_client_link,4.0,137.9184
4,20,local_training,4.0,1813.27259997488
4,20,comm_client_to_server,4.0,0.3539999888744205
4,20,comm_client_to_server_link,4.0,137.9184
4,20,fedavg,,2.757499983999878
4,20,total_round,,8379.257199994754
5,1,comm_server_to_client,1.0,0.43390001519583166
5,1,comm_server_to_client_link,1.0,137.9184
5,1,local_training,1.0,2165.0352000142448
5,1,comm_client_to_server,1.0,0.3183000080753118
5,1,comm_client_to_server_link,1.0,137.9184
5,1,comm_server_to_client,2.0,0.1604999997653067
5,1,comm_server_to_client_link,2.0,137.9184
5,1,local_training,2.0,1904.2822000046726
5,1,comm_client_to_server,2.0,0.35539999953471124
5,1,comm_client_to_server_link,2.0,137.9184
5,1,comm_server_to_client,3.0,0.15879998682066798
5,1,comm_server_to_client_link,3.0,137.9184
5,1,local_training,3.0,1978.2254000019748
5,1,comm_client_to_server,3.0,0.3254000039305538
5,1,comm_client_to_server_link,3.0,137.9184
5,1,comm_server_to_client,4.0,0.18339999951422215
5,1,comm_server_to_client_link,4.0,137.9184
5,1,local_training,4.0,7878.78699999419
5,1,comm_client_to_server,4.0,1.4276999863795936
5,1,comm_client_to_server_link,4.0,137.9184
5,1,fedavg,,10.773200017865747
5,1,total_round,,13949.47720001801
5,2,comm_server_to_client,1.0,0.47030000132508576
5,2,comm_server_to_client_link,1.0,137.9184
5,2,local_training,1.0,8721.57480000169
5,2,comm_client_to_server,1.0,1.8032999942079186
5,2,comm_client_to_server_link,1.0,137.9184
5,2,comm_server_to_client,2.0,0.5437000072561204
5,2,comm_server_to_client_link,2.0,137.9184
5,2,local_training,2.0,7537.647899996955
5,2,comm_client_to_server,2.0,0.811200006864965
5,2,comm_client_to_server_link,2.0,137.9184
5,2,comm_server_to_client,3.0,0.6979000172577798
5,2,comm_server_to_client_link,3.0,137.9184
5,2,local_training,3.0,7334.008600009838
5,2,comm_client_to_server,3.0,0.6134000141173601
5,2,comm_client_to_server_link,3.0,137.9184
5,2,comm_server_to_client,4.0,0.37549997796304524
5,2,comm_server_to_client_link,4.0,137.9184
5,2,local_training,4.0,7893.731799995294
5,2,comm_client_to_server,4.0,0.7630999898537993
5,2,comm_client_to_server_link,4.0,137.9184
5,2,fedavg,,9.011600021040067
5,2,total_round,,31505.735200014897
5,3,comm_server_to_client,1.0,0.9498000144958496
5,3,comm_server_to_client_link,1.0,137.9184
5,3,local_training,1.0,8811.235000001034
5,3,comm_client_to_server,1.0,0.7869999972172081
5,3,comm_client_to_server_link,1.0,137.9184
5,3,comm_server_to_client,2.0,0.48919999971985817
5,3,comm_server_to_client_link,2.0,137.9184
5,3,local_training,2.0,7567.3931000055745
5,3,comm_client_to_server,2.0,1.8010000057984143
5,3,comm_client_to_server_link,2.0,137.9184
5,3,comm_server_to_client,3.0,0.6341000262182206
5,3,comm_server_to_client_link,3.0,137.9184
5,3,local_training,3.0,8166.716200008523
5,3,comm_client_to_server,3.0,2.0118999818805605
5,3,comm_client_to_server_link,3.0,137.9184
5,3,comm_server_to_client,4.0,1.6993999888654798
5,3,comm_server_to_client_link,4.0,137.9184
5,3,local_training,4.0,6697.992200002773
5,3,comm_client_to_server,4.0,0.6554000137839466
5,3,comm_client_to_server_link,4.0,137.9184
5,3,fedavg,,4.223700001602992
5,3,total_round,,31260.27879997855
5,4,comm_server_to_client,1.0,0.6055999838281423
5,4,comm_server_to_client_link,1.0,137.9184
5,4,local_training,1.0,7456.21899998514
5,4,comm_client_to_server,1.0,0.6320000102277845
5,4,comm_client_to_server_link,1.0,137.9184
5,4,comm_server_to_client,2.0,0.3463999892119318
5,4,comm_server_to_client_link,2.0,137.9184
5,4,local_training,2.0,7027.567999990424
5,4,comm_client_to_server,2.0,1.210599992191419
5,4,comm_client_to_server_link,2.0,137.9184
5,4,comm_server_to_client,3.0,1.9675999938044697
5,4,comm_server_to_client_link,3.0,137.9184
5,4,local_training,3.0,8180.388799984939
5,4,comm_client_to_server,3.0,1.498500001616776
5,4,comm_client_to_server_link,3.0,137.9184
5,4,comm_server_to_client,4.0,0.6312000041361898
5,4,comm_server_to_client_link,4.0,137.9184
5,4,local_training,4.0,8038.387100008549
5,4,comm_client_to_server,4.0,1.2083999754395336
5,4,comm_client_to_server_link,4.0,137.9184
5,4,fedavg,,9.997699991799891
5,4,total_round,,30723.92150000087
5,5,comm_server_to_client,1.0,0.6403999868780375
5,5,comm_server_to_client_link,1.0,137.9184
5,5,local_training,1.0,5468.489799997769
5,5,comm_client_to_server,1.0,0.6705999840050936
5,5,comm_client_to_server_link,1.0,137.9184
5,5,comm_server_to_client,2.0,0.3893999964930117
5,5,comm_server_to_client_link,2.0,137.9184
5,5,local_training,2.0,5842.027700011386
5,5,comm_client_to_server,2.0,0.7701000140514225
5,5,comm_client_to_server_link,2.0,137.9184
5,5,comm_server_to_client,3.0,0.5579999997280538
5,5,comm_server_to_client_link,3.0,137.9184
5,5,local_training,3.0,5919.821299990872
5,5,comm_client_to_server,3.0,1.084199990145862
5,5,comm_client_to_server_link,3.0,137.9184
5,5,comm_server_to_client,4.0,1.4767000102438033
5,5,comm_server_to_client_link,4.0,137.9184
5,5,local_training,4.0,5616.432200011332
5,5,comm_client_to_server,4.0,0.7151000027079135
5,5,comm_client_to_server_link,4.0,137.9184
5,5,fedavg,,6.182799988891929
5,5,total_round,,22862.697500007926
5,6,comm_server_to_client,1.0,0.5814999749418348
5,6,comm_server_to_client_link,1.0,137.9184
5,6,local_training,1.0,6298.883199982811
5,6,comm_client_to_server,1.0,0.6312999757938087
5,6,comm_client_to_server_link,1.0,137.9184
5,6,comm_server_to_client,2.0,0.38919999497011304
5,6,comm_server_to_client_link,2.0,137.9184
5,6,local_training,2.0,5013.0239999853075
5,6,comm_client_to_server,2.0,0.35909999860450625
5,6,comm_client_to_server_link,2.0,137.9184
5,6,comm_server_to_client,3.0,0.2589000214356929
5,6,comm_server_to_client_link,3.0,137.9184
5,6,local_training,3.0,5626.967800024431
5,6,comm_client_to_server,3.0,1.2483999889809638
5,6,comm_client_to_server_link,3.0,137.9184
5,6,comm_server_to_client,4.0,0.3929999948013574
5,6,comm_server_to_client_link,4.0,137.9184
5,6,local_training,4.0,5046.916399995098
5,6,comm_client_to_server,4.0,0.5355000030249357
5,6,comm_client_to_server_link,4.0,137.9184
5,6,fedavg,,5.122700007632375
5,6,total_round,,21997.716699988814
5,7,comm_server_to_client,1.0,1.3405999925453216
5,7,comm_server_to_client_link,1.0,137.9184
5,7,local_training,1.0,7607.270900014555
5,7,comm_client_to_server,1.0,0.5455999926198274
5,7,comm_client_to_server_link,1.0,137.9184
5,7,comm_server_to_client,2.0,0.33760000951588154
5,7,comm_server_to_client_link,2.0,137.9184
5,7,local_training,2.0,6132.543199986685
5,7,comm_client_to_server,2.0,0.6406999891623855
5,7,comm_client_to_server_link,2.0,137.9184
5,7,comm_server_to_client,3.0,0.368500011973083
5,7,comm_server_to_client_link,3.0,137.9184
5,7,local_training,3.0,5963.675300008617
5,7,comm_client_to_server,3.0,0.6105999927967787
5,7,comm_client_to_server_link,3.0,137.9184
5,7,comm_server_to_client,4.0,0.394199974834919
5,7,comm_server_to_client_link,4.0,137.9184
5,7,local_training,4.0,5684.0787999972235
5,7,comm_client_to_server,4.0,0.5792999872937799
5,7,comm_client_to_server_link,4.0,137.9184
5,7,fedavg,,7.211199990706518
5,7,total_round,,25403.37039998849
5,8,comm_server_to_client,1.0,0.9562000050209463
5,8,comm_server_to_client_link,1.0,137.9184
5,8,local_training,1.0,5161.829399992712
5,8,comm_client_to_server,1.0,0.7156000065151602
5,8,comm_client_to_server_link,1.0,137.9184
5,8,comm_server_to_client,2.0,0.3630999999586493
5,8,comm_server_to_client_link,2.0,137.9184
5,8,local_training,2.0,5486.842199985404
5,8,comm_client_to_server,2.0,0.5601000157184899
5,8,comm_client_to_server_link,2.0,137.9184
5,8,comm_server_to_client,3.0,0.3513999981805682
5,8,comm_server_to_client_link,3.0,137.9184
5,8,local_training,3.0,5854.008800000884
5,8,comm_client_to_server,3.0,0.5365000106394291
5,8,comm_client_to_server_link,3.0,137.9184
5,8,comm_server_to_client,4.0,0.3519000019878149
5,8,comm_server_to_client_link,4.0,137.9184
5,8,local_training,4.0,6029.431699978886
5,8,comm_client_to_server,4.0,0.5530999915208668
5,8,comm_client_to_server_link,4.0,137.9184
5,8,fedavg,,4.212400002870709
5,8,total_round,,22545.35170001327
5,9,comm_server_to_client,1.0,0.5744000081904233
5,9,comm_server_to_client_link,1.0,137.9184
5,9,local_training,1.0,6167.69000000204
5,9,comm_client_to_server,1.0,0.6284999835770577
5,9,comm_client_to_server_link,1.0,137.9184
5,9,comm_server_to_client,2.0,0.3918000147677958
5,9,comm_server_to_client_link,2.0,137.9184
5,9,local_training,2.0,5116.305500007002
5,9,comm_client_to_server,2.0,0.5910000181756914
5,9,comm_client_to_server_link,2.0,137.9184
5,9,comm_server_to_client,3.0,0.36040000850334764
5,9,comm_server_to_client_link,3.0,137.9184
5,9,local_training,3.0,6747.370800003409
5,9,comm_client_to_server,3.0,0.9719000081531703
5,9,comm_client_to_server_link,3.0,137.9184
5,9,comm_server_to_client,4.0,0.6151999987196177
5,9,comm_server_to_client_link,4.0,137.9184
5,9,local_training,4.0,7561.380600003758
5,9,comm_client_to_server,4.0,0.6853000086266547
5,9,comm_client_to_server_link,4.0,137.9184
5,9,fedavg,,9.42729998496361
5,9,total_round,,25609.976400010055
5,10,comm_server_to_client,1.0,0.5978000117465854
5,10,comm_server_to_client_link,1.0,137.9184
5,10,local_training,1.0,5692.1809000195935
5,10,comm_client_to_server,1.0,0.7798999722581357
5,10,comm_client_to_server_link,1.0,137.9184
5,10,comm_server_to_client,2.0,0.5486999871209264
5,10,comm_server_to_client_link,2.0,137.9184
5,10,local_training,2.0,7315.419199992903
5,10,comm_client_to_server,2.0,0.47209998592734337
5,10,comm_client_to_server_link,2.0,137.9184
5,10,comm_server_to_client,3.0,0.2094999945256859
5,10,comm_server_to_client_link,3.0,137.9184
5,10,local_training,3.0,6013.48669998697
5,10,comm_client_to_server,3.0,1.5129000239539891
5,10,comm_client_to_server_link,3.0,137.9184
5,10,comm_server_to_client,4.0,0.49730000318959355
5,10,comm_server_to_client_link,4.0,137.9184
5,10,local_training,4.0,5164.198799990118
5,10,comm_client_to_server,4.0,1.1522999848239124
5,10,comm_client_to_server_link,4.0,137.9184
5,10,fedavg,,9.653699991758913
5,10,total_round,,24204.430299985688
5,11,comm_server_to_client,1.0,0.5273999995552003
5,11,comm_server_to_client_link,1.0,137.9184
5,11,local_training,1.0,5208.924599981401
5,11,comm_client_to_server,1.0,1.1495000217109919
5,11,comm_client_to_server_link,1.0,137.9184
5,11,comm_server_to_client,2.0,0.5514000076800585
5,11,comm_server_to_client_link,2.0,137.9184
5,11,local_training,2.0,5213.387499999953
5,11,comm_client_to_server,2.0,0.5671000108122826
5,11,comm_client_to_server_link,2.0,137.9184
5,11,comm_server_to_client,3.0,0.2817999920807779
5,11,comm_server_to_client_link,3.0,137.9184
5,11,local_training,3.0,6022.863100020913
5,11,comm_client_to_server,3.0,0.658600009046495
5,11,comm_client_to_server_link,3.0,137.9184
5,11,comm_server_to_client,4.0,0.4681999853346497
5,11,comm_server_to_client_link,4.0,137.9184
5,11,local_training,4.0,7572.108099993784
5,11,comm_client_to_server,4.0,0.6538000016007572
5,11,comm_client_to_server_link,4.0,137.9184
5,11,fedavg,,13.223100017057732
5,11,total_round,,24038.22570000193
5,12,comm_server_to_client,1.0,1.4522999990731478
5,12,comm_server_to_client_link,1.0,137.9184
5,12,local_training,1.0,5922.339999990072
5,12,comm_client_to_server,1.0,0.6225999968592077
5,12,comm_client_to_server_link,1.0,137.9184
5,12,comm_server_to_client,2.0,0.37230001180432737
5,12,comm_server_to_client_link,2.0,137.9184
5,12,local_training,2.0,5911.817000014707
5,12,comm_client_to_server,2.0,0.7580000092275441
5,12,comm_client_to_server_link,2.0,137.9184
5,12,comm_server_to_client,3.0,0.6275000050663948
5,12,comm_server_to_client_link,3.0,137.9184
5,12,local_training,3.0,5803.266000002623
5,12,comm_client_to_server,3.0,0.5794999888166785
5,12,comm_client_to_server_link,3.0,137.9184
5,12,comm_server_to_client,4.0,0.34520000917837024
5,12,comm_server_to_client_link,4.0,137.9184
5,12,local_training,4.0,7913.257799984422
5,12,comm_client_to_server,4.0,0.5297000170685351
5,12,comm_client_to_server_link,4.0,137.9184
5,12,fedavg,,4.6968999959062785
5,12,total_round,,25563.89340001624
5,13,comm_server_to_client,1.0,0.5845999985467643
5,13,comm_server_to_client_link,1.0,137.9184
5,13,local_training,1.0,6414.488300011726
5,13,comm_client_to_server,1.0,0.5650999955832958
5,13,comm_client_to_server_link,1.0,137.9184
5,13,comm_server_to_client,2.0,0.6480000156443566
5,13,comm_server_to_client_link,2.0,137.9184
5,13,local_training,2.0,5774.138800014043
5,13,comm_client_to_server,2.0,0.674600014463067
5,13,comm_client_to_server_link,2.0,137.9184
5,13,comm_server_to_client,3.0,0.8126999891828746
5,13,comm_server_to_client_link,3.0,137.9184
5,13,local_training,3.0,7140.600499988068
5,13,comm_client_to_server,3.0,0.9226000111084431
5,13,comm_client_to_server_link,3.0,137.9184
5,13,comm_server_to_client,4.0,0.3876000118907541
5,13,comm_server_to_client_link,4.0,137.9184
5,13,local_training,4.0,6272.740199987311
5,13,comm_client_to_server,4.0,0.966899999184534
5,13,comm_client_to_server_link,4.0,137.9184
5,13,fedavg,,6.581000023288652
5,13,total_round,,25617.35139999655
5,14,comm_server_to_client,1.0,0.6254000181797892
5,14,comm_server_to_client_link,1.0,137.9184
5,14,local_training,1.0,6761.171799997101
5,14,comm_client_to_server,1.0,0.5813000025227666
5,14,comm_client_to_server_link,1.0,137.9184
5,14,comm_server_to_client,2.0,0.3428999916650355
5,14,comm_server_to_client_link,2.0,137.9184
5,14,local_training,2.0,5844.816400000127
5,14,comm_client_to_server,2.0,0.981099990895018
5,14,comm_client_to_server_link,2.0,137.9184
5,14,comm_server_to_client,3.0,0.5702000053133816
5,14,comm_server_to_client_link,3.0,137.9184
5,14,local_training,3.0,5172.665000020061
5,14,comm_client_to_server,3.0,0.7141999958548695
5,14,comm_client_to_server_link,3.0,137.9184
5,14,comm_server_to_client,4.0,0.5455999926198274
5,14,comm_server_to_client_link,4.0,137.9184
5,14,local_training,4.0,5922.572200011928
5,14,comm_client_to_server,4.0,0.5636999849230051
5,14,comm_client_to_server_link,4.0,137.9184
5,14,fedavg,,5.865499988431111
5,14,total_round,,23715.18830000423
5,15,comm_server_to_client,1.0,0.529499986441806
5,15,comm_server_to_client_link,1.0,137.9184
5,15,local_training,1.0,7405.026399996132
5,15,comm_client_to_server,1.0,1.086099975509569
5,15,comm_client_to_server_link,1.0,137.9184
5,15,comm_server_to_client,2.0,0.6312000041361898
5,15,comm_server_to_client_link,2.0,137.9184
5,15,local_training,2.0,5327.375599998049
5,15,comm_client_to_server,2.0,0.5840999947395176
5,15,comm_client_to_server_link,2.0,137.9184
5,15,comm_server_to_client,3.0,0.34759999834932387
5,15,comm_server_to_client_link,3.0,137.9184
5,15,local_training,3.0,6045.47859999002
5,15,comm_client_to_server,3.0,0.9612000139895827
5,15,comm_client_to_server_link,3.0,137.9184
5,15,comm_server_to_client,4.0,0.9630999993532896
5,15,comm_server_to_client_link,4.0,137.9184
5,15,local_training,4.0,5324.577799998224
5,15,comm_client_to_server,4.0,0.4879999905824661
5,15,comm_client_to_server_link,4.0,137.9184
5,15,fedavg,,6.470499996794388
5,15,total_round,,24117.990500002634
5,16,comm_server_to_client,1.0,0.4413000133354217
5,16,comm_server_to_client_link,1.0,137.9184
5,16,local_training,1.0,5781.435099983355
5,16,comm_client_to_server,1.0,0.5751999851781875
5,16,comm_client_to_server_link,1.0,137.9184
5,16,comm_server_to_client,2.0,0.3457000129856169
5,16,comm_server_to_client_link,2.0,137.9184
5,16,local_training,2.0,5235.518300003605
5,16,comm_client_to_server,2.0,0.5207000067457557
5,16,comm_client_to_server_link,2.0,137.9184
5,16,comm_server_to_client,3.0,0.37739999243058264
5,16,comm_server_to_client_link,3.0,137.9184
5,16,local_training,3.0,5818.714400025783
5,16,comm_client_to_server,3.0,1.2793999921996146
5,16,comm_client_to_server_link,3.0,137.9184
5,16,comm_server_to_client,4.0,0.6460000004153699
5,16,comm_server_to_client_link,4.0,137.9184
5,16,local_training,4.0,5942.477000004146
5,16,comm_client_to_server,4.0,0.48779998905956745
5,16,comm_client_to_server_link,4.0,137.9184
5,16,fedavg,,5.932500003837049
5,16,total_round,,22791.896499984432
5,17,comm_server_to_client,1.0,0.4938000056426972
5,17,comm_server_to_client_link,1.0,137.9184
5,17,local_training,1.0,5275.584999995772
5,17,comm_client_to_server,1.0,0.4836999869439751
5,17,comm_client_to_server_link,1.0,137.9184
5,17,comm_server_to_client,2.0,0.308899994706735
5,17,comm_server_to_client_link,2.0,137.9184
5,17,local_training,2.0,5263.53750002454
5,17,comm_client_to_server,2.0,0.4844999930355698
5,17,comm_client_to_server_link,2.0,137.9184
5,17,comm_server_to_client,3.0,0.2658999874256551
5,17,comm_server_to_client_link,3.0,137.9184
5,17,local_training,3.0,5267.8769000049215
5,17,comm_client_to_server,3.0,0.5222999898251146
5,17,comm_client_to_server_link,3.0,137.9184
5,17,comm_server_to_client,4.0,0.3254000039305538
5,17,comm_server_to_client_link,4.0,137.9184
5,17,local_training,4.0,5643.955600011395
5,17,comm_client_to_server,4.0,0.8879000088199973
5,17,comm_client_to_server_link,4.0,137.9184
5,17,fedavg,,5.073800013633445
5,17,total_round,,21463.218400022015
5,18,comm_server_to_client,1.0,0.4971000016666949
5,18,comm_server_to_client_link,1.0,137.9184
5,18,local_training,1.0,5672.296600008849
5,18,comm_client_to_server,1.0,0.5114999949000776
5,18,comm_client_to_server_link,1.0,137.9184
5,18,comm_server_to_client,2.0,0.2987999760080129
5,18,comm_server_to_client_link,2.0,137.9184
5,18,local_training,2.0,4886.20379997883
5,18,comm_client_to_server,2.0,0.42150000808760524
5,18,comm_client_to_server_link,2.0,137.9184
5,18,comm_server_to_client,3.0,0.18000000272877514
5,18,comm_server_to_client_link,3.0,137.9184
5,18,local_training,3.0,4728.700799983926
5,18,comm_client_to_server,3.0,0.4621999978553504
5,18,comm_client_to_server_link,3.0,137.9184
5,18,comm_server_to_client,4.0,0.23040000814944506
5,18,comm_server_to_client_link,4.0,137.9184
5,18,local_training,4.0,4883.75609999639
5,18,comm_client_to_server,4.0,0.5790000141132623
5,18,comm_client_to_server_link,4.0,137.9184
5,18,fedavg,,6.145500025013462
5,18,total_round,,20183.09110001428
5,19,comm_server_to_client,1.0,0.5416000203695148
5,19,comm_server_to_client_link,1.0,137.9184
5,19,local_training,1.0,5063.5752999805845
5,19,comm_client_to_server,1.0,0.6201000069268048
5,19,comm_client_to_server_link,1.0,137.9184
5,19,comm_server_to_client,2.0,0.36020000698044896
5,19,comm_server_to_client_link,2.0,137.9184
5,19,local_training,2.0,7223.129499994684
5,19,comm_client_to_server,2.0,0.5204000044614077
5,19,comm_client_to_server_link,2.0,137.9184
5,19,comm_server_to_client,3.0,0.31870001112110913
5,19,comm_server_to_client_link,3.0,137.9184
5,19,local_training,3.0,8425.895599997602
5,19,comm_client_to_server,3.0,0.8005000127013773
5,19,comm_client_to_server_link,3.0,137.9184
5,19,comm_server_to_client,4.0,0.8082999847829342
5,19,comm_server_to_client_link,4.0,137.9184
5,19,local_training,4.0,6131.996500014793
5,19,comm_client_to_server,4.0,1.363499992294237
5,19,comm_client_to_server_link,4.0,137.9184
5,19,fedavg,,8.532000007107854
5,19,total_round,,26861.452199984342
5,20,comm_server_to_client,1.0,0.9167000243905932
5,20,comm_server_to_client_link,1.0,137.9184
5,20,local_training,1.0,6418.105999997351
5,20,comm_client_to_server,1.0,0.8265000069513917
5,20,comm_client_to_server_link,1.0,137.9184
5,20,comm_server_to_client,2.0,0.34199998481199145
5,20,comm_server_to_client_link,2.0,137.9184
5,20,local_training,2.0,7685.5100999819115
5,20,comm_client_to_server,2.0,0.6472000095527619
5,20,comm_client_to_server_link,2.0,137.9184
5,20,comm_server_to_client,3.0,0.4364000051282346
5,20,comm_server_to_client_link,3.0,137.9184
5,20,local_training,3.0,6793.944400007604
5,20,comm_client_to_server,3.0,1.2952999968547374
5,20,comm_client_to_server_link,3.0,137.9184
5,20,comm_server_to_client,4.0,0.9240999934263527
5,20,comm_server_to_client_link,4.0,137.9184
5,20,local_training,4.0,6444.3659000098705
5,20,comm_client_to_server,4.0,0.5327000108081847
5,20,comm_client_to_server_link,4.0,137.9184
5,20,fedavg,,9.290400019381195
5,20,total_round,,27362.436499999603
6,1,comm_server_to_client,1.0,0.8573000086471438
6,1,comm_server_to_client_link,1.0,137.9184
6,1,local_training,1.0,6816.242999979295
6,1,comm_client_to_server,1.0,0.9367000020574778
6,1,comm_client_to_server_link,1.0,137.9184
6,1,comm_server_to_client,2.0,0.5416000203695148
6,1,comm_server_to_client_link,2.0,137.9184
6,1,local_training,2.0,7657.757499982836
6,1,comm_client_to_server,2.0,1.3703999866265804
6,1,comm_client_to_server_link,2.0,137.9184
6,1,comm_server_to_client,3.0,1.0225999867543578
6,1,comm_server_to_client_link,3.0,137.9184
6,1,local_training,3.0,7214.888799993787
6,1,comm_client_to_server,3.0,0.6424000021070242
6,1,comm_client_to_server_link,3.0,137.9184
6,1,comm_server_to_client,4.0,0.39030000334605575
6,1,comm_server_to_client_link,4.0,137.9184
6,1,local_training,4.0,7849.878600012744
6,1,comm_client_to_server,4.0,0.7356999849434942
6,1,comm_client_to_server_link,4.0,137.9184
6,1,fedavg,,6.111299997428432
6,1,total_round,,29577.011399989715
6,2,comm_server_to_client,1.0,0.6384000007528812
6,2,comm_server_to_client_link,1.0,137.9184
6,2,local_training,1.0,7315.174100018339
6,2,comm_client_to_server,1.0,0.993099994957447
6,2,comm_client_to_server_link,1.0,137.9184
6,2,comm_server_to_client,2.0,0.7295999967027456
6,2,comm_server_to_client_link,2.0,137.9184
6,2,local_training,2.0,7132.262200000696
6,2,comm_client_to_server,2.0,1.639399997657165
6,2,comm_client_to_server_link,2.0,137.9184
6,2,comm_server_to_client,3.0,1.1307999957352877
6,2,comm_server_to_client_link,3.0,137.9184
6,2,local_training,3.0,6471.840200014412
6,2,comm_client_to_server,3.0,0.9358999959658831
6,2,comm_client_to_server_link,3.0,137.9184
6,2,comm_server_to_client,4.0,0.4304999893065542
6,2,comm_server_to_client_link,4.0,137.9184
6,2,local_training,4.0,11257.665599987376
6,2,comm_client_to_server,4.0,1.20900000911206
6,2,comm_client_to_server_link,4.0,137.9184
6,2,fedavg,,10.850499995285645
6,2,total_round,,32199.338200007332
6,3,comm_server_to_client,1.0,0.7199000101536512
6,3,comm_server_to_client_link,1.0,137.9184
6,3,local_training,1.0,7679.653899976984
6,3,comm_client_to_server,1.0,0.7979999936651438
6,3,comm_client_to_server_link,1.0,137.9184
6,3,comm_server_to_client,2.0,0.6154000002425164
6,3,comm_server_to_client_link,2.0,137.9184
6,3,local_training,2.0,7037.811099988176
6,3,comm_client_to_server,2.0,0.8692999836057425
6,3,comm_client_to_server_link,2.0,137.9184
6,3,comm_server_to_client,3.0,0.5218000151216984
6,3,comm_server_to_client_link,3.0,137.9184
6,3,local_training,3.0,6674.394700006815
6,3,comm_client_to_server,3.0,1.7754999862518162
6,3,comm_client_to_server_link,3.0,137.9184
6,3,comm_server_to_client,4.0,1.1949000181630254
6,3,comm_server_to_client_link,4.0,137.9184
6,3,local_training,4.0,6335.278199985623
6,3,comm_client_to_server,4.0,0.6411999929696321
6,3,comm_client_to_server_link,4.0,137.9184
6,3,fedavg,,4.94710000930354
6,3,total_round,,27746.62350001745
6,4,comm_server_to_client,1.0,0.5896000075154006
6,4,comm_server_to_client_link,1.0,137.9184
6,4,local_training,1.0,6865.646199992625
6,4,comm_client_to_server,1.0,0.970299995969981
6,4,comm_client_to_server_link,1.0,137.9184
6,4,comm_server_to_client,2.0,0.7442999922204763
6,4,comm_server_to_client_link,2.0,137.9184
6,4,local_training,2.0,6633.765400008997
6,4,comm_client_to_server,2.0,1.4973999932408333
6,4,comm_client_to_server_link,2.0,137.9184
6,4,comm_server_to_client,3.0,0.9443000017199665
6,4,comm_server_to_client_link,3.0,137.9184
6,4,local_training,3.0,7112.710399989737
6,4,comm_client_to_server,3.0,0.7067999977152795
6,4,comm_client_to_server_link,3.0,137.9184
6,4,comm_server_to_client,4.0,0.37689998862333596
6,4,comm_server_to_client_link,4.0,137.9184
6,4,local_training,4.0,11130.100000009406
6,4,comm_client_to_server,4.0,0.8106000022962689
6,4,comm_client_to_server_link,4.0,137.9184
6,4,fedavg,,9.896599978674203
6,4,total_round,,31762.64880000963
6,5,comm_server_to_client,1.0,1.3796999992337078
6,5,comm_server_to_client_link,1.0,137.9184
6,5,local_training,1.0,5616.16989999311
6,5,comm_client_to_server,1.0,0.5802999949082732
6,5,comm_client_to_server_link,1.0,137.9184
6,5,comm_server_to_client,2.0,0.3305999853182584
6,5,comm_server_to_client_link,2.0,137.9184
6,5,local_training,2.0,2701.0255999921355
6,5,comm_client_to_server,2.0,0.37910000537522137
6,5,comm_client_to_server_link,2.0,137.9184
6,5,comm_server_to_client,3.0,0.1900999923236668
6,5,comm_server_to_client_link,3.0,137.9184
6,5,local_training,3.0,2301.075099996524
6,5,comm_client_to_server,3.0,0.2542000147514045
6,5,comm_client_to_server_link,3.0,137.9184
6,5,comm_server_to_client,4.0,0.09590000263415277
6,5,comm_server_to_client_link,4.0,137.9184
6,5,local_training,4.0,2313.831499981461
6,5,comm_client_to_server,4.0,0.27879999834112823
6,5,comm_client_to_server_link,4.0,137.9184
6,5,fedavg,,1.8520000157877803
6,5,total_round,,12944.178799982183
6,6,comm_server_to_client,1.0,0.25329997879453003
6,6,comm_server_to_client_link,1.0,137.9184
6,6,local_training,1.0,2642.434500012314
6,6,comm_client_to_server,1.0,0.281700020423159
6,6,comm_client_to_server_link,1.0,137.9184
6,6,comm_server_to_client,2.0,0.11819999781437218
6,6,comm_server_to_client_link,2.0,137.9184
6,6,local_training,2.0,1921.3729999901261
6,6,comm_client_to_server,2.0,0.44219999108463526
6,6,comm_client_to_server_link,2.0,137.9184
6,6,comm_server_to_client,3.0,0.17399998614564538
6,6,comm_server_to_client_link,3.0,137.9184
6,6,local_training,3.0,2043.461399996886
6,6,comm_client_to_server,3.0,0.28940002084709704
6,6,comm_client_to_server_link,3.0,137.9184
6,6,comm_server_to_client,4.0,0.11300001642666757
6,6,comm_server_to_client_link,4.0,137.9184
6,6,local_training,4.0,2158.883500000229
6,6,comm_client_to_server,4.0,0.25370001094415784
6,6,comm_client_to_server_link,4.0,137.9184
6,6,fedavg,,1.2758999946527183
6,6,total_round,,8770.465600013267
6,7,comm_server_to_client,1.0,0.35470002330839634
6,7,comm_server_to_client_link,1.0,137.9184
6,7,local_training,1.0,2069.764399988344
6,7,comm_client_to_server,1.0,0.3443000023253262
6,7,comm_client_to_server_link,1.0,137.9184
6,7,comm_server_to_client,2.0,0.23820000933483243
6,7,comm_server_to_client_link,2.0,137.9184
6,7,local_training,2.0,4156.772600021213
6,7,comm_client_to_server,2.0,0.6439000135287642
6,7,comm_client_to_server_link,2.0,137.9184
6,7,comm_server_to_client,3.0,0.3559000033419579
6,7,comm_server_to_client_link,3.0,137.9184
6,7,local_training,3.0,4633.291200007079
6,7,comm_client_to_server,3.0,0.3473000251688063
6,7,comm_client_to_server_link,3.0,137.9184
6,7,comm_server_to_client,4.0,0.21290002041496336
6,7,comm_server_to_client_link,4.0,137.9184
6,7,local_training,4.0,1696.4441000018269
6,7,comm_client_to_server,4.0,0.33260000054724514
6,7,comm_client_to_server_link,4.0,137.9184
6,7,fedavg,,1.3364999904297292
6,7,total_round,,12562.128899997333
6,8,comm_server_to_client,1.0,0.3986999799963087
6,8,comm_server_to_client_link,1.0,137.9184
6,8,local_training,1.0,2021.4998000010382
6,8,comm_client_to_server,1.0,0.2975999959744513
6,8,comm_client_to_server_link,1.0,137.9184
6,8,comm_server_to_client,2.0,0.13720002607442439
6,8,comm_server_to_client_link,2.0,137.9184
6,8,local_training,2.0,1661.455900000874
6,8,comm_client_to_server,2.0,0.22330001229420304
6,8,comm_client_to_server_link,2.0,137.9184
6,8,comm_server_to_client,3.0,0.09240000508725643
6,8,comm_server_to_client_link,3.0,137.9184
6,8,local_training,3.0,1864.222600008361
6,8,comm_client_to_server,3.0,0.25469998945482075
6,8,comm_client_to_server_link,3.0,137.9184
6,8,comm_server_to_client,4.0,0.1314000110141933
6,8,comm_server_to_client_link,4.0,137.9184
6,8,local_training,4.0,1994.0550999890547
6,8,comm_client_to_server,4.0,0.2648000081535429
6,8,comm_client_to_server_link,4.0,137.9184
6,8,fedavg,,2.2293999791145325
6,8,total_round,,7546.896400017431
6,9,comm_server_to_client,1.0,0.23990002227947116
6,9,comm_server_to_client_link,1.0,137.9184
6,9,local_training,1.0,2033.0805999983568
6,9,comm_client_to_server,1.0,0.2382999809924513
6,9,comm_client_to_server_link,1.0,137.9184
6,9,comm_server_to_client,2.0,0.12320000678300858
6,9,comm_server_to_client_link,2.0,137.9184
6,9,local_training,2.0,1863.9987999922596
6,9,comm_client_to_server,2.0,0.2750999992713332
6,9,comm_client_to_server_link,2.0,137.9184
6,9,comm_server_to_client,3.0,0.16419999883510172
6,9,comm_server_to_client_link,3.0,137.9184
6,9,local_training,3.0,1720.8291999995708
6,9,comm_client_to_server,3.0,0.31010000384412706
6,9,comm_client_to_server_link,3.0,137.9184
6,9,comm_server_to_client,4.0,0.1944000250659883
6,9,comm_server_to_client_link,4.0,137.9184
6,9,local_training,4.0,1770.3007999807596
6,9,comm_client_to_server,4.0,0.22789998911321163
6,9,comm_client_to_server_link,4.0,137.9184
6,9,fedavg,,2.1425999875646085
6,9,total_round,,7393.313799984753
6,10,comm_server_to_client,1.0,0.32729998929426074
6,10,comm_server_to_client_link,1.0,137.9184
6,10,local_training,1.0,1573.498899990227
6,10,comm_client_to_server,1.0,0.28490001568570733
6,10,comm_client_to_server_link,1.0,137.9184
6,10,comm_server_to_client,2.0,0.15010000788606703
6,10,comm_server_to_client_link,2.0,137.9184
6,10,local_training,2.0,1883.6091999837663
6,10,comm_client_to_server,2.0,0.2558999985922128
6,10,comm_client_to_server_link,2.0,137.9184
6,10,comm_server_to_client,3.0,0.11789999553002417
6,10,comm_server_to_client_link,3.0,137.9184
6,10,local_training,3.0,1715.5845999950543
6,10,comm_client_to_server,3.0,0.287600007141009
6,10,comm_client_to_server_link,3.0,137.9184
6,10,comm_server_to_client,4.0,0.14899999951012433
6,10,comm_server_to_client_link,4.0,137.9184
6,10,local_training,4.0,1650.6244999764021
6,10,comm_client_to_server,4.0,0.23479998344555497
6,10,comm_client_to_server_link,4.0,137.9184
6,10,fedavg,,1.570100022945553
6,10,total_round,,6828.278100001626
6,11,comm_server_to_client,1.0,0.21910000941716135
6,11,comm_server_to_client_link,1.0,137.9184
6,11,local_training,1.0,1811.7722000170033
6,11,comm_client_to_server,1.0,0.3530999820213765
6,11,comm_client_to_server_link,1.0,137.9184
6,11,comm_server_to_client,2.0,0.1928999845404178
6,11,comm_server_to_client_link,2.0,137.9184
6,11,local_training,2.0,1663.6552000127267
6,11,comm_client_to_server,2.0,0.2646000066306442
6,11,comm_client_to_server_link,2.0,137.9184
6,11,comm_server_to_client,3.0,0.1044000091496855
6,11,comm_server_to_client_link,3.0,137.9184
6,11,local_training,3.0,1597.7752999751829
6,11,comm_client_to_server,3.0,0.24540000595152378
6,11,comm_client_to_server_link,3.0,137.9184
6,11,comm_server_to_client,4.0,0.12620000052265823
6,11,comm_server_to_client_link,4.0,137.9184
6,11,local_training,4.0,1965.7745999866165
6,11,comm_client_to_server,4.0,0.2523000002838671
6,11,comm_client_to_server_link,4.0,137.9184
6,11,fedavg,,1.469099981477484
6,11,total_round,,7043.3585999999195
6,12,comm_server_to_client,1.0,0.24730002041906118
6,12,comm_server_to_client_link,1.0,137.9184
6,12,local_training,1.0,1775.9489999734797
6,12,comm_client_to_server,1.0,0.2720999764278531
6,12,comm_client_to_server_link,1.0,137.9184
6,12,comm_server_to_client,2.0,0.25019998429343104
6,12,comm_server_to_client_link,2.0,137.9184
6,12,local_training,2.0,1470.0369000202045
6,12,comm_client_to_server,2.0,0.2773999876808375
6,12,comm_client_to_server_link,2.0,137.9184
6,12,comm_server_to_client,3.0,0.17380001372657716
6,12,comm_server_to_client_link,3.0,137.9184
6,12,local_training,3.0,1476.9664999912493
6,12,comm_client_to_server,3.0,0.6015000108163804
6,12,comm_client_to_server_link,3.0,137.9184
6,12,comm_server_to_client,4.0,0.36669999826699495
6,12,comm_server_to_client_link,4.0,137.9184
6,12,local_training,4.0,1558.3383000048343
6,12,comm_client_to_server,4.0,0.3490000090096146
6,12,comm_client_to_server_link,4.0,137.9184
6,12,fedavg,,2.942700026324019
6,12,total_round,,6288.112100010039
6,13,comm_server_to_client,1.0,0.20249999943189323
6,13,comm_server_to_client_link,1.0,137.9184
6,13,local_training,1.0,2011.5198999992572
6,13,comm_client_to_server,1.0,0.23249999503605068
6,13,comm_client_to_server_link,1.0,137.9184
6,13,comm_server_to_client,2.0,0.10799997835420072
6,13,comm_server_to_client_link,2.0,137.9184
6,13,local_training,2.0,2924.7207999869715
6,13,comm_client_to_server,2.0,0.30270000570453703
6,13,comm_client_to_server_link,2.0,137.9184
6,13,comm_server_to_client,3.0,0.17169999773614109
6,13,comm_server_to_client_link,3.0,137.9184
6,13,local_training,3.0,1798.3711999841034
6,13,comm_client_to_server,3.0,0.22260000696405768
6,13,comm_client_to_server_link,3.0,137.9184
6,13,comm_server_to_client,4.0,0.10639999527484179
6,13,comm_server_to_client_link,4.0,137.9184
6,13,local_training,4.0,1538.747799990233
6,13,comm_client_to_server,4.0,0.22250000620260835
6,13,comm_client_to_server_link,4.0,137.9184
6,13,fedavg,,1.4054999919608235
6,13,total_round,,8277.365799993277
6,14,comm_server_to_client,1.0,0.20080001559108496
6,14,comm_server_to_client_link,1.0,137.9184
6,14,local_training,1.0,1725.3404000075534
6,14,comm_client_to_server,1.0,0.25030001415871084
6,14,comm_client_to_server_link,1.0,137.9184
6,14,comm_server_to_client,2.0,0.13989998842589557
6,14,comm_server_to_client_link,2.0,137.9184
6,14,local_training,2.0,1541.728999989573
6,14,comm_client_to_server,2.0,0.3006000188179314
6,14,comm_client_to_server_link,2.0,137.9184
6,14,comm_server_to_client,3.0,0.19600000814534724
6,14,comm_server_to_client_link,3.0,137.9184
6,14,local_training,3.0,1915.1600999757648
6,14,comm_client_to_server,3.0,0.22999997599981725
6,14,comm_client_to_server_link,3.0,137.9184
6,14,comm_server_to_client,4.0,0.12119999155402184
6,14,comm_server_to_client_link,4.0,137.9184
6,14,local_training,4.0,1803.3900000154972
6,14,comm_client_to_server,4.0,0.21540001034736633
6,14,comm_client_to_server_link,4.0,137.9184
6,14,fedavg,,1.5039000136312097
6,14,total_round,,6989.768100000219
6,15,comm_server_to_client,1.0,0.2093000221066177
6,15,comm_server_to_client_link,1.0,137.9184
6,15,local_training,1.0,1969.5615000091493
6,15,comm_client_to_server,1.0,0.2851999888662249
6,15,comm_client_to_server_link,1.0,137.9184
6,15,comm_server_to_client,2.0,0.15400000847876072
6,15,comm_server_to_client_link,2.0,137.9184
6,15,local_training,2.0,2888.9362000045367
6,15,comm_client_to_server,2.0,0.20480001694522798
6,15,comm_client_to_server_link,2.0,137.9184
6,15,comm_server_to_client,3.0,0.11049999739043415
6,15,comm_server_to_client_link,3.0,137.9184
6,15,local_training,3.0,1562.0711000228766
6,15,comm_client_to_server,3.0,0.18370000179857016
6,15,comm_client_to_server_link,3.0,137.9184
6,15,comm_server_to_client,4.0,0.09789998875930905
6,15,comm_server_to_client_link,4.0,137.9184
6,15,local_training,4.0,1594.8127000010572
6,15,comm_client_to_server,4.0,0.20779998158104718
6,15,comm_client_to_server_link,4.0,137.9184
6,15,fedavg,,1.518500008387491
6,15,total_round,,8019.41499998793
6,16,comm_server_to_client,1.0,0.27379998937249184
6,16,comm_server_to_client_link,1.0,137.9184
6,16,local_training,1.0,2022.5638000119943
6,16,comm_client_to_server,1.0,0.23689999943599105
6,16,comm_client_to_server_link,1.0,137.9184
6,16,comm_server_to_client,2.0,0.1404000213369727
6,16,comm_server_to_client_link,2.0,137.9184
6,16,local_training,2.0,1628.0231999990065
6,16,comm_client_to_server,2.0,0.3664999967440963
6,16,comm_client_to_server_link,2.0,137.9184
6,16,comm_server_to_client,3.0,0.22600000374950469
6,16,comm_server_to_client_link,3.0,137.9184
6,16,local_training,3.0,1537.6794000039808
6,16,comm_client_to_server,3.0,0.2248000237159431
6,16,comm_client_to_server_link,3.0,137.9184
6,16,comm_server_to_client,4.0,0.12390001211315393
6,16,comm_server_to_client_link,4.0,137.9184
6,16,local_training,4.0,1671.2359999946784
6,16,comm_client_to_server,4.0,0.26199998683296144
6,16,comm_client_to_server_link,4.0,137.9184
6,16,fedavg,,1.7787999822758138
6,16,total_round,,6864.587999996729
6,17,comm_server_to_client,1.0,0.2589999930933118
6,17,comm_server_to_client_link,1.0,137.9184
6,17,local_training,1.0,1852.876799996011
6,17,comm_client_to_server,1.0,0.20629999926313758
6,17,comm_client_to_server_link,1.0,137.9184
6,17,comm_server_to_client,2.0,0.1052000152412802
6,17,comm_server_to_client_link,2.0,137.9184
6,17,local_training,2.0,1947.0867000054568
6,17,comm_client_to_server,2.0,0.21389999892562628
6,17,comm_client_to_server_link,2.0,137.9184
6,17,comm_server_to_client,3.0,0.12200002674944699
6,17,comm_server_to_client_link,3.0,137.9184
6,17,local_training,3.0,1905.9043000161182
6,17,comm_client_to_server,3.0,0.2452000044286251
6,17,comm_client_to_server_link,3.0,137.9184
6,17,comm_server_to_client,4.0,0.12229999992996454
6,17,comm_server_to_client_link,4.0,137.9184
6,17,local_training,4.0,1662.342499999795
6,17,comm_client_to_server,4.0,0.23129998589865863
6,17,comm_client_to_server_link,4.0,137.9184
6,17,fedavg,,1.4214999973773956
6,17,total_round,,7372.461000020849
6,18,comm_server_to_client,1.0,0.3825000021606684
6,18,comm_server_to_client_link,1.0,137.9184
6,18,local_training,1.0,1888.7280999915674
6,18,comm_client_to_server,1.0,0.23819998023100197
6,18,comm_client_to_server_link,1.0,137.9184
6,18,comm_server_to_client,2.0,0.1176999940071255
6,18,comm_server_to_client_link,2.0,137.9184
6,18,local_training,2.0,1547.1859999815933
6,18,comm_client_to_server,2.0,0.295600009849295
6,18,comm_client_to_server_link,2.0,137.9184
6,18,comm_server_to_client,3.0,0.16880000475794077
6,18,comm_server_to_client_link,3.0,137.9184
6,18,local_training,3.0,1511.4960000209976
6,18,comm_client_to_server,3.0,0.17079999088309705
6,18,comm_client_to_server_link,3.0,137.9184
6,18,comm_server_to_client,4.0,0.09169999975711107
6,18,comm_server_to_client_link,4.0,137.9184
6,18,local_training,4.0,1531.3943000219297
6,18,comm_client_to_server,4.0,0.2103000006172806
6,18,comm_client_to_server_link,4.0,137.9184
6,18,fedavg,,1.4641000016126782
6,18,total_round,,6483.320600003935
6,19,comm_server_to_client,1.0,0.20710000535473228
6,19,comm_server_to_client_link,1.0,137.9184
6,19,local_training,1.0,1874.9468000023626
6,19,comm_client_to_server,1.0,0.22250000620260835
6,19,comm_client_to_server_link,1.0,137.9184
6,19,comm_server_to_client,2.0,0.12209999840706587
6,19,comm_server_to_client_link,2.0,137.9184
6,19,local_training,2.0,1521.4303999964613
6,19,comm_client_to_server,2.0,0.2195000124629587
6,19,comm_client_to_server_link,2.0,137.9184
6,19,comm_server_to_client,3.0,0.11150000500492752
6,19,comm_server_to_client_link,3.0,137.9184
6,19,local_training,3.0,1609.828299988294
6,19,comm_client_to_server,3.0,0.47729999641887844
6,19,comm_client_to_server_link,3.0,137.9184
6,19,comm_server_to_client,4.0,0.2830000012181699
6,19,comm_server_to_client_link,4.0,137.9184
6,19,local_training,4.0,1849.2052000074182
6,19,comm_client_to_server,4.0,0.2978999982587993
6,19,comm_client_to_server_link,4.0,137.9184
6,19,fedavg,,2.9823000077158213
6,19,total_round,,6861.305800004629
6,20,comm_server_to_client,1.0,0.17829998978413641
6,20,comm_server_to_client_link,1.0,137.9184
6,20,local_training,1.0,1744.3003999942448
6,20,comm_client_to_server,1.0,0.16650001634843647
6,20,comm_client_to_server_link,1.0,137.9184
6,20,comm_server_to_client,2.0,0.09650000720284879
6,20,comm_server_to_client_link,2.0,137.9184
6,20,local_training,2.0,1564.7028999810573
6,20,comm_client_to_server,2.0,0.21379999816417694
6,20,comm_client_to_server_link,2.0,137.9184
6,20,comm_server_to_client,3.0,0.10910001583397388
6,20,comm_server_to_client_link,3.0,137.9184
6,20,local_training,3.0,1517.731800006004
6,20,comm_client_to_server,3.0,0.24049999774433672
6,20,comm_client_to_server_link,3.0,137.9184
6,20,comm_server_to_client,4.0,0.14420002116821706
6,20,comm_server_to_client_link,4.0,137.9184
6,20,local_training,4.0,1691.5517000015825
6,20,comm_client_to_server,4.0,0.20300000323913991
6,20,comm_client_to_server_link,4.0,137.9184
6,20,fedavg,,2.0901999960187823
6,20,total_round,,6522.800800012192
7,1,comm_server_to_client,1.0,0.6340999971143901
7,1,comm_server_to_client_link,1.0,137.9184
7,1,local_training,1.0,2986.4035999926273
7,1,comm_client_to_server,1.0,0.45750002027489245
7,1,comm_client_to_server_link,1.0,137.9184
7,1,comm_server_to_client,2.0,0.24809999740682542
7,1,comm_server_to_client_link,2.0,137.9184
7,1,local_training,2.0,1742.5946999865118
7,1,comm_client_to_server,2.0,0.31439997837878764
7,1,comm_client_to_server_link,2.0,137.9184
7,1,comm_server_to_client,3.0,0.1680999994277954
7,1,comm_server_to_client_link,3.0,137.9184
7,1,local_training,3.0,1647.6097999839112
7,1,comm_client_to_server,3.0,0.38800001493655145
7,1,comm_client_to_server_link,3.0,137.9184
7,1,comm_server_to_client,4.0,0.27990000671707094
7,1,comm_server_to_client_link,4.0,137.9184
7,1,local_training,4.0,1846.0935999755748
7,1,comm_client_to_server,4.0,0.27469999622553587
7,1,comm_client_to_server_link,4.0,137.9184
7,1,fedavg,,1.4084999857004732
7,1,total_round,,8238.824200001545
7,2,comm_server_to_client,1.0,0.4788000078406185
7,2,comm_server_to_client_link,1.0,137.9184
7,2,local_training,1.0,1911.1914999957662
7,2,comm_client_to_server,1.0,0.29700002050958574
7,2,comm_client_to_server_link,1.0,137.9184
7,2,comm_server_to_client,2.0,0.1252999936696142
7,2,comm_server_to_client_link,2.0,137.9184
7,2,local_training,2.0,1561.2562000169419
7,2,comm_client_to_server,2.0,0.2570000069681555
7,2,comm_client_to_server_link,2.0,137.9184
7,2,comm_server_to_client,3.0,0.11079999967478216
7,2,comm_server_to_client_link,3.0,137.9184
7,2,local_training,3.0,1799.3993000127375
7,2,comm_client_to_server,3.0,0.6224999960977584
7,2,comm_client_to_server_link,3.0,137.9184
7,2,comm_server_to_client,4.0,0.13689999468624592
7,2,comm_server_to_client_link,4.0,137.9184
7,2,local_training,4.0,2871.0633000009693
7,2,comm_client_to_server,4.0,0.46839998685754836
7,2,comm_client_to_server_link,4.0,137.9184
7,2,fedavg,,2.5963999796658754
7,2,total_round,,8150.434500013944
7,3,comm_server_to_client,1.0,0.48320001224055886
7,3,comm_server_to_client_link,1.0,137.9184
7,3,local_training,1.0,2433.659500005888
7,3,comm_client_to_server,1.0,0.37880000309087336
7,3,comm_client_to_server_link,1.0,137.9184
7,3,comm_server_to_client,2.0,0.17410001601092517
7,3,comm_server_to_client_link,2.0,137.9184
7,3,local_training,2.0,1662.0014000218362
7,3,comm_client_to_server,2.0,0.4364999767858535
7,3,comm_client_to_server_link,2.0,137.9184
7,3,comm_server_to_client,3.0,0.1881999778561294
7,3,comm_server_to_client_link,3.0,137.9184
7,3,local_training,3.0,2109.106599993538
7,3,comm_client_to_server,3.0,0.4883999936282635
7,3,comm_client_to_server_link,3.0,137.9184
7,3,comm_server_to_client,4.0,0.23599999258294702
7,3,comm_server_to_client_link,4.0,137.9184
7,3,local_training,4.0,1731.793499988271
7,3,comm_client_to_server,4.0,0.44930001604370773
7,3,comm_client_to_server_link,4.0,137.9184
7,3,fedavg,,2.249199984362349
7,3,total_round,,7943.868100002874
7,4,comm_server_to_client,1.0,0.27050002245232463
7,4,comm_server_to_client_link,1.0,137.9184
7,4,local_training,1.0,1908.2999000092968
7,4,comm_client_to_server,1.0,0.39439997635781765
7,4,comm_client_to_server_link,1.0,137.9184
7,4,comm_server_to_client,2.0,0.16979998326860368
7,4,comm_server_to_client_link,2.0,137.9184
7,4,local_training,2.0,2009.136300010141
7,4,comm_client_to_server,2.0,0.5055999790783972
7,4,comm_client_to_server_link,2.0,137.9184
7,4,comm_server_to_client,3.0,0.20629999926313758
7,4,comm_server_to_client_link,3.0,137.9184
7,4,local_training,3.0,1707.1039000002202
7,4,comm_client_to_server,3.0,0.31400000443682075
7,4,comm_client_to_server_link,3.0,137.9184
7,4,comm_server_to_client,4.0,0.17819998902268708
7,4,comm_server_to_client_link,4.0,137.9184
7,4,local_training,4.0,1939.6690999856219
7,4,comm_client_to_server,4.0,0.6117999728303403
7,4,comm_client_to_server_link,4.0,137.9184
7,4,fedavg,,3.5435000027064234
7,4,total_round,,7571.620900009293
7,5,comm_server_to_client,1.0,0.585400004638359
7,5,comm_server_to_client_link,1.0,137.9184
7,5,local_training,1.0,2236.1805999826174
7,5,comm_client_to_server,1.0,0.5203000036999583
7,5,comm_client_to_server_link,1.0,137.9184
7,5,comm_server_to_client,2.0,0.2592999953776598
7,5,comm_server_to_client_link,2.0,137.9184
7,5,local_training,2.0,1815.216299990425
7,5,comm_client_to_server,2.0,0.29639998683705926
7,5,comm_client_to_server_link,2.0,137.9184
7,5,comm_server_to_client,3.0,0.11819999781437218
7,5,comm_server_to_client_link,3.0,137.9184
7,5,local_training,3.0,1786.9967999868095
7,5,comm_client_to_server,3.0,0.3003999881912023
7,5,comm_client_to_server_link,3.0,137.9184
7,5,comm_server_to_client,4.0,0.11219998123124242
7,5,comm_server_to_client_link,4.0,137.9184
7,5,local_training,4.0,1988.396600005217
7,5,comm_client_to_server,4.0,0.5584000027738512
7,5,comm_client_to_server_link,4.0,137.9184
7,5,fedavg,,3.991300007328391
7,5,total_round,,7835.4593999974895
7,6,comm_server_to_client,1.0,0.4667000030167401
7,6,comm_server_to_client_link,1.0,137.9184
7,6,local_training,1.0,2303.6790000041947
7,6,comm_client_to_server,1.0,0.4512000014074147
7,6,comm_client_to_server_link,1.0,137.9184
7,6,comm_server_to_client,2.0,0.22380001610144973
7,6,comm_server_to_client_link,2.0,137.9184
7,6,local_training,2.0,3163.427199993748
7,6,comm_client_to_server,2.0,0.27400001999922097
7,6,comm_client_to_server_link,2.0,137.9184
7,6,comm_server_to_client,3.0,0.10870001278817654
7,6,comm_server_to_client_link,3.0,137.9184
7,6,local_training,3.0,1895.3523999953177
7,6,comm_client_to_server,3.0,0.3381000133231282
7,6,comm_client_to_server_link,3.0,137.9184
7,6,comm_server_to_client,4.0,0.1781000173650682
7,6,comm_server_to_client_link,4.0,137.9184
7,6,local_training,4.0,1717.3143000109121
7,6,comm_client_to_server,4.0,0.5289999826345593
7,6,comm_client_to_server_link,4.0,137.9184
7,6,fedavg,,3.2992000051308423
7,6,total_round,,9087.297999998555
7,7,comm_server_to_client,1.0,0.37739999243058264
7,7,comm_server_to_client_link,1.0,137.9184
7,7,local_training,1.0,2151.4300999988336
7,7,comm_client_to_server,1.0,0.4186000151094049
7,7,comm_client_to_server_link,1.0,137.9184
7,7,comm_server_to_client,2.0,0.32729998929426074
7,7,comm_server_to_client_link,2.0,137.9184
7,7,local_training,2.0,1762.8027999890037
7,7,comm_client_to_server,2.0,0.26649999199435115
7,7,comm_client_to_server_link,2.0,137.9184
7,7,comm_server_to_client,3.0,0.10539998766034842
7,7,comm_server_to_client_link,3.0,137.9184
7,7,local_training,3.0,1791.5485999837983
7,7,comm_client_to_server,3.0,0.597700010985136
7,7,comm_client_to_server_link,3.0,137.9184
7,7,comm_server_to_client,4.0,0.3291000030003488
7,7,comm_server_to_client_link,4.0,137.9184
7,7,local_training,4.0,1657.9445000097621
7,7,comm_client_to_server,4.0,0.516200001584366
7,7,comm_client_to_server_link,4.0,137.9184
7,7,fedavg,,2.5483000208623707
7,7,total_round,,7371.00020001526
7,8,comm_server_to_client,1.0,0.34830000367946923
7,8,comm_server_to_client_link,1.0,137.9184
7,8,local_training,1.0,1980.11229999247
7,8,comm_client_to_server,1.0,0.6877999985590577
7,8,comm_client_to_server_link,1.0,137.9184
7,8,comm_server_to_client,2.0,0.3569999826140702
7,8,comm_server_to_client_link,2.0,137.9184
7,8,local_training,2.0,1540.1449999772012
7,8,comm_client_to_server,2.0,0.27069999487139285
7,8,comm_client_to_server_link,2.0,137.9184
7,8,comm_server_to_client,3.0,0.09889999637380242
7,8,comm_server_to_client_link,3.0,137.9184
7,8,local_training,3.0,1667.4016999895684
7,8,comm_client_to_server,3.0,0.6234000029508024
7,8,comm_client_to_server_link,3.0,137.9184
7,8,comm_server_to_client,4.0,0.2686000079847872
7,8,comm_server_to_client_link,4.0,137.9184
7,8,local_training,4.0,1950.261199992383
7,8,comm_client_to_server,4.0,0.391699984902516
7,8,comm_client_to_server_link,4.0,137.9184
7,8,fedavg,,2.1508999925572425
7,8,total_round,,7144.625000015367
7,9,comm_server_to_client,1.0,0.42050000047311187
7,9,comm_server_to_client_link,1.0,137.9184
7,9,local_training,1.0,1965.3454999788664
7,9,comm_client_to_server,1.0,0.28299997211433947
7,9,comm_client_to_server_link,1.0,137.9184
7,9,comm_server_to_client,2.0,0.12400001287460327
7,9,comm_server_to_client_link,2.0,137.9184
7,9,local_training,2.0,1854.7260999912396
7,9,comm_client_to_server,2.0,0.3488999791443348
7,9,comm_client_to_server_link,2.0,137.9184
7,9,comm_server_to_client,3.0,0.17330000991933048
7,9,comm_server_to_client_link,3.0,137.9184
7,9,local_training,3.0,1752.9091000033077
7,9,comm_client_to_server,3.0,0.5497999954968691
7,9,comm_client_to_server_link,3.0,137.9184
7,9,comm_server_to_client,4.0,0.38499999209307134
7,9,comm_server_to_client_link,4.0,137.9184
7,9,local_training,4.0,1731.7342000023928
7,9,comm_client_to_server,4.0,0.26870000874623656
7,9,comm_client_to_server_link,4.0,137.9184
7,9,fedavg,,1.3970999862067401
7,9,total_round,,7310.295900009805
7,10,comm_server_to_client,1.0,0.35930000012740493
7,10,comm_server_to_client_link,1.0,137.9184
7,10,local_training,1.0,2058.102199982386
7,10,comm_client_to_server,1.0,0.5582000012509525
7,10,comm_client_to_server_link,1.0,137.9184
7,10,comm_server_to_client,2.0,0.24580000899732113
7,10,comm_server_to_client_link,2.0,137.9184
7,10,local_training,2.0,2172.8215999901295
7,10,comm_client_to_server,2.0,0.2906000008806586
7,10,comm_client_to_server_link,2.0,137.9184
7,10,comm_server_to_client,3.0,0.12269997387193143
7,10,comm_server_to_client_link,3.0,137.9184
7,10,local_training,3.0,1752.0594999950845
7,10,comm_client_to_server,3.0,0.28029998065903783
7,10,comm_client_to_server_link,3.0,137.9184
7,10,comm_server_to_client,4.0,0.11959997937083244
7,10,comm_server_to_client_link,4.0,137.9184
7,10,local_training,4.0,5464.816299994709
7,10,comm_client_to_server,4.0,0.4542000242508948
7,10,comm_client_to_server_link,4.0,137.9184
7,10,fedavg,,5.560799996601418
7,10,total_round,,11456.97040000232
7,11,comm_server_to_client,1.0,0.5282999773044139
7,11,comm_server_to_client_link,1.0,137.9184
7,11,local_training,1.0,4412.028399994597
7,11,comm_client_to_server,1.0,1.5718000067863613
7,11,comm_client_to_server_link,1.0,137.9184
7,11,comm_server_to_client,2.0,1.1040999961551279
7,11,comm_server_to_client_link,2.0,137.9184
7,11,local_training,2.0,8392.505299998447
7,11,comm_client_to_server,2.0,0.7813000120222569
7,11,comm_client_to_server_link,2.0,137.9184
7,11,comm_server_to_client,3.0,0.826000003144145
7,11,comm_server_to_client_link,3.0,137.9184
7,11,local_training,3.0,5875.551200006157
7,11,comm_client_to_server,3.0,0.7344000041484833
7,11,comm_client_to_server_link,3.0,137.9184
7,11,comm_server_to_client,4.0,0.6917999999132007
7,11,comm_server_to_client_link,4.0,137.9184
7,11,local_training,4.0,7934.783399978187
7,11,comm_client_to_server,4.0,1.3278000114951283
7,11,comm_client_to_server_link,4.0,137.9184
7,11,fedavg,,13.24990001739934
7,11,total_round,,26639.58499999717
7,12,comm_server_to_client,1.0,0.5727999960072339
7,12,comm_server_to_client_link,1.0,137.9184
7,12,local_training,1.0,4748.5894999990705
7,12,comm_client_to_server,1.0,0.4802999901585281
7,12,comm_client_to_server_link,1.0,137.9184
7,12,comm_server_to_client,2.0,0.31090000993572176
7,12,comm_server_to_client_link,2.0,137.9184
7,12,local_training,2.0,5424.725599994417
7,12,comm_client_to_server,2.0,1.7382999940309674
7,12,comm_client_to_server_link,2.0,137.9184
7,12,comm_server_to_client,3.0,0.6212000153027475
7,12,comm_server_to_client_link,3.0,137.9184
7,12,local_training,3.0,5971.583900012774
7,12,comm_client_to_server,3.0,0.4977000062353909
7,12,comm_client_to_server_link,3.0,137.9184
7,12,comm_server_to_client,4.0,0.17750001279637218
7,12,comm_server_to_client_link,4.0,137.9184
7,12,local_training,4.0,3233.1684000091627
7,12,comm_client_to_server,4.0,1.0355999984312803
7,12,comm_client_to_server_link,4.0,137.9184
7,12,fedavg,,5.0863999931607395
7,12,total_round,,19391.521400015336
7,13,comm_server_to_client,1.0,0.45960000716149807
7,13,comm_server_to_client_link,1.0,137.9184
7,13,local_training,1.0,2749.6121000149287
7,13,comm_client_to_server,1.0,0.5369999853428453
7,13,comm_client_to_server_link,1.0,137.9184
7,13,comm_server_to_client,2.0,0.30429998878389597
7,13,comm_server_to_client_link,2.0,137.9184
7,13,local_training,2.0,2002.6710000238381
7,13,comm_client_to_server,2.0,0.3377000102773309
7,13,comm_client_to_server_link,2.0,137.9184
7,13,comm_server_to_client,3.0,0.11380002251826227
7,13,comm_server_to_client_link,3.0,137.9184
7,13,local_training,3.0,1663.930499984417
7,13,comm_client_to_server,3.0,0.26649999199435115
7,13,comm_client_to_server_link,3.0,137.9184
7,13,comm_server_to_client,4.0,0.13359999866224825
7,13,comm_server_to_client_link,4.0,137.9184
7,13,local_training,4.0,1640.4141999955755
7,13,comm_client_to_server,4.0,0.3217000048607588
7,13,comm_client_to_server_link,4.0,137.9184
7,13,fedavg,,1.9010999822057784
7,13,total_round,,8062.787100003334
7,14,comm_server_to_client,1.0,0.28429998201318085
7,14,comm_server_to_client_link,1.0,137.9184
7,14,local_training,1.0,1709.168100001989
7,14,comm_client_to_server,1.0,0.30429998878389597
7,14,comm_client_to_server_link,1.0,137.9184
7,14,comm_server_to_client,2.0,0.13619998935610056
7,14,comm_server_to_client_link,2.0,137.9184
7,14,local_training,2.0,1636.3522000028752
7,14,comm_client_to_server,2.0,0.28979999478906393
7,14,comm_client_to_server_link,2.0,137.9184
7,14,comm_server_to_client,3.0,0.11419999646022916
7,14,comm_server_to_client_link,3.0,137.9184
7,14,local_training,3.0,1992.7692000055686
7,14,comm_client_to_server,3.0,0.2838999789673835
7,14,comm_client_to_server_link,3.0,137.9184
7,14,comm_server_to_client,4.0,0.12400001287460327
7,14,comm_server_to_client_link,4.0,137.9184
7,14,local_training,4.0,1747.8522000019439
7,14,comm_client_to_server,4.0,0.367300002835691
7,14,comm_client_to_server_link,4.0,137.9184
7,14,fedavg,,2.95580000965856
7,14,total_round,,7092.206300003454
7,15,comm_server_to_client,1.0,0.4667000030167401
7,15,comm_server_to_client_link,1.0,137.9184
7,15,local_training,1.0,1795.2702000038698
7,15,comm_client_to_server,1.0,0.26390000130049884
7,15,comm_client_to_server_link,1.0,137.9184
7,15,comm_server_to_client,2.0,0.11359999189153314
7,15,comm_server_to_client_link,2.0,137.9184
7,15,local_training,2.0,1695.0289999949746
7,15,comm_client_to_server,2.0,0.2941999991890043
7,15,comm_client_to_server_link,2.0,137.9184
7,15,comm_server_to_client,3.0,0.12890002108179033
7,15,comm_server_to_client_link,3.0,137.9184
7,15,local_training,3.0,1591.2597000133246
7,15,comm_client_to_server,3.0,0.2898000238928944
7,15,comm_client_to_server_link,3.0,137.9184
7,15,comm_server_to_client,4.0,0.11399999493733048
7,15,comm_server_to_client_link,4.0,137.9184
7,15,local_training,4.0,1596.4707999955863
7,15,comm_client_to_server,4.0,0.26780000189319253
7,15,comm_client_to_server_link,4.0,137.9184
7,15,fedavg,,1.6059000045061111
7,15,total_round,,6683.264299994335
7,16,comm_server_to_client,1.0,0.33939999411813915
7,16,comm_server_to_client_link,1.0,137.9184
7,16,local_training,1.0,2022.9053999937605
7,16,comm_client_to_server,1.0,0.2666999935172498
7,16,comm_client_to_server_link,1.0,137.9184
7,16,comm_server_to_client,2.0,0.12180002522654831
7,16,comm_server_to_client_link,2.0,137.9184
7,16,local_training,2.0,1676.489000004949
7,16,comm_client_to_server,2.0,0.3895999980159104
7,16,comm_client_to_server_link,2.0,137.9184
7,16,comm_server_to_client,3.0,0.11950000771321356
7,16,comm_server_to_client_link,3.0,137.9184
7,16,local_training,3.0,1729.8225999984425
7,16,comm_client_to_server,3.0,0.31820000731386244
7,16,comm_client_to_server_link,3.0,137.9184
7,16,comm_server_to_client,4.0,0.16120000509545207
7,16,comm_server_to_client_link,4.0,137.9184
7,16,local_training,4.0,1654.7157999884803
7,16,comm_client_to_server,4.0,0.30980000155977905
7,16,comm_client_to_server_link,4.0,137.9184
7,16,fedavg,,1.7711000109557062
7,16,total_round,,7089.104799990309
7,17,comm_server_to_client,1.0,0.4079999926034361
7,17,comm_server_to_client_link,1.0,137.9184
7,17,local_training,1.0,2064.183700014837
7,17,comm_client_to_server,1.0,0.3132999991066754
7,17,comm_client_to_server_link,1.0,137.9184
7,17,comm_server_to_client,2.0,0.1464999804738909
7,17,comm_server_to_client_link,2.0,137.9184
7,17,local_training,2.0,1822.7962999953888
7,17,comm_client_to_server,2.0,0.48779998905956745
7,17,comm_client_to_server_link,2.0,137.9184
7,17,comm_server_to_client,3.0,0.24949997896328568
7,17,comm_server_to_client_link,3.0,137.9184
7,17,local_training,3.0,1683.3905999956187
7,17,comm_client_to_server,3.0,0.26450000586919487
7,17,comm_client_to_server_link,3.0,137.9184
7,17,comm_server_to_client,4.0,0.14000001829117537
7,17,comm_server_to_client_link,4.0,137.9184
7,17,local_training,4.0,3241.7343000124674
7,17,comm_client_to_server,4.0,1.1009000008925796
7,17,comm_client_to_server_link,4.0,137.9184
7,17,fedavg,,7.564100000308827
7,17,total_round,,8824.435699993046
7,18,comm_server_to_client,1.0,0.31629999284632504
7,18,comm_server_to_client_link,1.0,137.9184
7,18,local_training,1.0,4368.441800004803
7,18,comm_client_to_server,1.0,0.37319998955354095
7,18,comm_client_to_server_link,1.0,137.9184
7,18,comm_server_to_client,2.0,0.16689999029040337
7,18,comm_server_to_client_link,2.0,137.9184
7,18,local_training,2.0,3303.6116999865044
7,18,comm_client_to_server,2.0,0.9456000116188079
7,18,comm_client_to_server_link,2.0,137.9184
7,18,comm_server_to_client,3.0,0.5610999942291528
7,18,comm_server_to_client_link,3.0,137.9184
7,18,local_training,3.0,3264.0241000044625
7,18,comm_client_to_server,3.0,0.48409998998977244
7,18,comm_client_to_server_link,3.0,137.9184
7,18,comm_server_to_client,4.0,0.11799999629147351
7,18,comm_server_to_client_link,4.0,137.9184
7,18,local_training,4.0,1934.1757000074722
7,18,comm_client_to_server,4.0,0.3507999936118722
7,18,comm_client_to_server_link,4.0,137.9184
7,18,fedavg,,1.6264999867416918
7,18,total_round,,12876.83290001587
7,19,comm_server_to_client,1.0,0.2418000076431781
7,19,comm_server_to_client_link,1.0,137.9184
7,19,local_training,1.0,2044.053099991288
7,19,comm_client_to_server,1.0,0.7857000164221972
7,19,comm_client_to_server_link,1.0,137.9184
7,19,comm_server_to_client,2.0,0.6254999898374081
7,19,comm_server_to_client_link,2.0,137.9184
7,19,local_training,2.0,1767.0841999934055
7,19,comm_client_to_server,2.0,0.3657999914139509
7,19,comm_client_to_server_link,2.0,137.9184
7,19,comm_server_to_client,3.0,0.19049999536946416
7,19,comm_server_to_client_link,3.0,137.9184
7,19,local_training,3.0,1832.6281000045128
7,19,comm_client_to_server,3.0,0.2919000107795
7,19,comm_client_to_server_link,3.0,137.9184
7,19,comm_server_to_client,4.0,0.14200000441633165
7,19,comm_server_to_client_link,4.0,137.9184
7,19,local_training,4.0,1716.27190001891
7,19,comm_client_to_server,4.0,0.30009998590685427
7,19,comm_client_to_server_link,4.0,137.9184
7,19,fedavg,,1.4952999772503972
7,19,total_round,,7365.844600019045
7,20,comm_server_to_client,1.0,0.2683000057004392
7,20,comm_server_to_client_link,1.0,137.9184
7,20,local_training,1.0,2003.2451000006404
7,20,comm_client_to_server,1.0,0.374399998690933
7,20,comm_client_to_server_link,1.0,137.9184
7,20,comm_server_to_client,2.0,0.18279999494552612
7,20,comm_server_to_client_link,2.0,137.9184
7,20,local_training,2.0,1840.6632999831345
7,20,comm_client_to_server,2.0,0.39519998244941235
7,20,comm_client_to_server_link,2.0,137.9184
7,20,comm_server_to_client,3.0,0.17899999511428177
7,20,comm_server_to_client_link,3.0,137.9184
7,20,local_training,3.0,1923.417000012705
7,20,comm_client_to_server,3.0,0.47220001579262316
7,20,comm_client_to_server_link,3.0,137.9184
7,20,comm_server_to_client,4.0,0.1720000000204891
7,20,comm_server_to_client_link,4.0,137.9184
7,20,local_training,4.0,1649.6970999869518
7,20,comm_client_to_server,4.0,0.25770001229830086
7,20,comm_client_to_server_link,4.0,137.9184
7,20,fedavg,,1.7306999943684787
7,20,total_round,,7422.452599974349
8,1,comm_server_to_client,1.0,0.9082000178750604
8,1,comm_server_to_client_link,1.0,137.9184
8,1,local_training,1.0,1889.3484000000171
8,1,comm_client_to_server,1.0,0.2714000002015382
8,1,comm_client_to_server_link,1.0,137.9184
8,1,comm_server_to_client,2.0,0.11530000483617187
8,1,comm_server_to_client_link,2.0,137.9184
8,1,local_training,2.0,1754.0815999964252
8,1,comm_client_to_server,2.0,0.2697999880183488
8,1,comm_client_to_server_link,2.0,137.9184
8,1,comm_server_to_client,3.0,0.1278999843634665
8,1,comm_server_to_client_link,3.0,137.9184
8,1,local_training,3.0,1849.8402000113856
8,1,comm_client_to_server,3.0,0.384299986762926
8,1,comm_client_to_server_link,3.0,137.9184
8,1,comm_server_to_client,4.0,0.1776999852154404
8,1,comm_server_to_client_link,4.0,137.9184
8,1,local_training,4.0,2084.944300004281
8,1,comm_client_to_server,4.0,0.4287000047042966
8,1,comm_client_to_server_link,4.0,137.9184
8,1,fedavg,,1.6567999846301973
8,1,total_round,,7589.670600020327
8,2,comm_server_to_client,1.0,0.5370999861042947
8,2,comm_server_to_client_link,1.0,137.9184
8,2,local_training,1.0,1847.631900018314
8,2,comm_client_to_server,1.0,0.3056999994441867
8,2,comm_client_to_server_link,1.0,137.9184
8,2,comm_server_to_client,2.0,0.1336999994236976
8,2,comm_server_to_client_link,2.0,137.9184
8,2,local_training,2.0,2292.177900002571
8,2,comm_client_to_server,2.0,0.3206999972462654
8,2,comm_client_to_server_link,2.0,137.9184
8,2,comm_server_to_client,3.0,0.1663000148255378
8,2,comm_server_to_client_link,3.0,137.9184
8,2,local_training,3.0,1536.188800004311
8,2,comm_client_to_server,3.0,0.281700020423159
8,2,comm_client_to_server_link,3.0,137.9184
8,2,comm_server_to_client,4.0,0.11029999586753547
8,2,comm_server_to_client_link,4.0,137.9184
8,2,local_training,4.0,1724.4298000005074
8,2,comm_client_to_server,4.0,0.4152000183239579
8,2,comm_client_to_server_link,4.0,137.9184
8,2,fedavg,,3.4991000138688833
8,2,total_round,,7408.153600001242
8,3,comm_server_to_client,1.0,0.3859999997075647
8,3,comm_server_to_client_link,1.0,137.9184
8,3,local_training,1.0,2181.110000004992
8,3,comm_client_to_server,1.0,0.2568999771028757
8,3,comm_client_to_server_link,1.0,137.9184
8,3,comm_server_to_client,2.0,0.11590000940486789
8,3,comm_server_to_client_link,2.0,137.9184
8,3,local_training,2.0,3025.719900004333
8,3,comm_client_to_server,2.0,1.1662000033538789
8,3,comm_client_to_server_link,2.0,137.9184
8,3,comm_server_to_client,3.0,0.6591000128537416
8,3,comm_server_to_client_link,3.0,137.9184
8,3,local_training,3.0,1896.3529999891762
8,3,comm_client_to_server,3.0,0.2620000159367919
8,3,comm_client_to_server_link,3.0,137.9184
8,3,comm_server_to_client,4.0,0.10840001050382853
8,3,comm_server_to_client_link,4.0,137.9184
8,3,local_training,4.0,2162.111999990884
8,3,comm_client_to_server,4.0,0.6212999869603664
8,3,comm_client_to_server_link,4.0,137.9184
8,3,fedavg,,5.119200010085478
8,3,total_round,,9276.218300015898
8,4,comm_server_to_client,1.0,0.2708999963942915
8,4,comm_server_to_client_link,1.0,137.9184
8,4,local_training,1.0,1830.42369998293
8,4,comm_client_to_server,1.0,0.3108000091742724
8,4,comm_client_to_server_link,1.0,137.9184
8,4,comm_server_to_client,2.0,0.13259999104775488
8,4,comm_server_to_client_link,2.0,137.9184
8,4,local_training,2.0,1685.634299996309
8,4,comm_client_to_server,2.0,0.2741999924182892
8,4,comm_client_to_server_link,2.0,137.9184
8,4,comm_server_to_client,3.0,0.11060002725571394
8,4,comm_server_to_client_link,3.0,137.9184
8,4,local_training,3.0,1734.5889000280295
8,4,comm_client_to_server,3.0,0.3158999898005277
8,4,comm_client_to_server_link,3.0,137.9184
8,4,comm_server_to_client,4.0,0.13580001541413367
8,4,comm_server_to_client_link,4.0,137.9184
8,4,local_training,4.0,1809.2706000024918
8,4,comm_client_to_server,4.0,0.4074999887961894
8,4,comm_client_to_server_link,4.0,137.9184
8,4,fedavg,,1.779600017471239
8,4,total_round,,7064.738499990199
8,5,comm_server_to_client,1.0,0.3662999952211976
8,5,comm_server_to_client_link,1.0,137.9184
8,5,local_training,1.0,1917.6637999771629
8,5,comm_client_to_server,1.0,0.3107000084128231
8,5,comm_client_to_server_link,1.0,137.9184
8,5,comm_server_to_client,2.0,0.1577999792061746
8,5,comm_server_to_client_link,2.0,137.9184
8,5,local_training,2.0,2085.172999999486
8,5,comm_client_to_server,2.0,0.29299999005161226
8,5,comm_client_to_server_link,2.0,137.9184
8,5,comm_server_to_client,3.0,0.11480000102892518
8,5,comm_server_to_client_link,3.0,137.9184
8,5,local_training,3.0,1775.461599987466
8,5,comm_client_to_server,3.0,0.3296000068075955
8,5,comm_client_to_server_link,3.0,137.9184
8,5,comm_server_to_client,4.0,0.10370000381954014
8,5,comm_server_to_client_link,4.0,137.9184
8,5,local_training,4.0,1696.6109000204597
8,5,comm_client_to_server,4.0,0.31609999132342637
8,5,comm_client_to_server_link,4.0,137.9184
8,5,fedavg,,2.2404999763239175
8,5,total_round,,7480.4391999787185
8,6,comm_server_to_client,1.0,0.39370000013150275
8,6,comm_server_to_client_link,1.0,137.9184
8,6,local_training,1.0,1772.9044000152498
8,6,comm_client_to_server,1.0,0.39989998913370073
8,6,comm_client_to_server_link,1.0,137.9184
8,6,comm_server_to_client,2.0,0.22620000527240336
8,6,comm_server_to_client_link,2.0,137.9184
8,6,local_training,2.0,1737.7955999982078
8,6,comm_client_to_server,2.0,0.2719000040087849
8,6,comm_client_to_server_link,2.0,137.9184
8,6,comm_server_to_client,3.0,0.10800000745803118
8,6,comm_server_to_client_link,3.0,137.9184
8,6,local_training,3.0,1975.318500015419
8,6,comm_client_to_server,3.0,0.43349998304620385
8,6,comm_client_to_server_link,3.0,137.9184
8,6,comm_server_to_client,4.0,0.2340999781154096
8,6,comm_server_to_client_link,4.0,137.9184
8,6,local_training,4.0,1739.3179000064265
8,6,comm_client_to_server,4.0,0.2906000008806586
8,6,comm_client_to_server_link,4.0,137.9184
8,6,fedavg,,1.4563000004272908
8,6,total_round,,7230.670499993721
8,7,comm_server_to_client,1.0,0.24739999207668006
8,7,comm_server_to_client_link,1.0,137.9184
8,7,local_training,1.0,1604.1113999963272
8,7,comm_client_to_server,1.0,0.2851999888662249
8,7,comm_client_to_server_link,1.0,137.9184
8,7,comm_server_to_client,2.0,0.12929999502375722
8,7,comm_server_to_client_link,2.0,137.9184
8,7,local_training,2.0,1653.0228000192437
8,7,comm_client_to_server,2.0,0.2629999944474548
8,7,comm_client_to_server_link,2.0,137.9184
8,7,comm_server_to_client,3.0,0.09560000034980476
8,7,comm_server_to_client_link,3.0,137.9184
8,7,local_training,3.0,1793.061200005468
8,7,comm_client_to_server,3.0,0.31790000502951443
8,7,comm_client_to_server_link,3.0,137.9184
8,7,comm_server_to_client,4.0,0.14450002345256507
8,7,comm_server_to_client_link,4.0,137.9184
8,7,local_training,4.0,1819.7117999952752
8,7,comm_client_to_server,4.0,0.29070000164210796
8,7,comm_client_to_server_link,4.0,137.9184
8,7,fedavg,,1.4802000077906996
8,7,total_round,,6874.456999998074
8,8,comm_server_to_client,1.0,0.30169999809004366
8,8,comm_server_to_client_link,1.0,137.9184
8,8,local_training,1.0,1927.4086999939755
8,8,comm_client_to_server,1.0,0.31510001281276345
8,8,comm_client_to_server_link,1.0,137.9184
8,8,comm_server_to_client,2.0,0.1981999957934022
8,8,comm_server_to_client_link,2.0,137.9184
8,8,local_training,2.0,1701.86690002447
8,8,comm_client_to_server,2.0,0.3580999909900129
8,8,comm_client_to_server_link,2.0,137.9184
8,8,comm_server_to_client,3.0,0.13940001372247934
8,8,comm_server_to_client_link,3.0,137.9184
8,8,local_training,3.0,1512.8740000072867
8,8,comm_client_to_server,3.0,0.29769999673590064
8,8,comm_client_to_server_link,3.0,137.9184
8,8,comm_server_to_client,4.0,0.1385999785270542
8,8,comm_server_to_client_link,4.0,137.9184
8,8,local_training,4.0,1835.1149999944028
8,8,comm_client_to_server,4.0,0.2887000155169517
8,8,comm_client_to_server_link,4.0,137.9184
8,8,fedavg,,1.4823999954387546
8,8,total_round,,6981.952000001911
8,9,comm_server_to_client,1.0,0.3355999942868948
8,9,comm_server_to_client_link,1.0,137.9184
8,9,local_training,1.0,1716.6674000036437
8,9,comm_client_to_server,1.0,0.2835000050254166
8,9,comm_client_to_server_link,1.0,137.9184
8,9,comm_server_to_client,2.0,0.12100001913495362
8,9,comm_server_to_client_link,2.0,137.9184
8,9,local_training,2.0,1907.433200016385
8,9,comm_client_to_server,2.0,0.2638000005390495
8,9,comm_client_to_server_link,2.0,137.9184
8,9,comm_server_to_client,3.0,0.10350000229664147
8,9,comm_server_to_client_link,3.0,137.9184
8,9,local_training,3.0,1939.5399000204634
8,9,comm_client_to_server,3.0,0.24789999588392675
8,9,comm_client_to_server_link,3.0,137.9184
8,9,comm_server_to_client,4.0,0.09940000018104911
8,9,comm_server_to_client_link,4.0,137.9184
8,9,local_training,4.0,1737.8946999961045
8,9,comm_client_to_server,4.0,0.28899998869746923
8,9,comm_client_to_server_link,4.0,137.9184
8,9,fedavg,,2.3127000022213906
8,9,total_round,,7306.874899979448
8,10,comm_server_to_client,1.0,0.32729998929426074
8,10,comm_server_to_client_link,1.0,137.9184
8,10,local_training,1.0,2366.308199998457
8,10,comm_client_to_server,1.0,0.3431000222917646
8,10,comm_client_to_server_link,1.0,137.9184
8,10,comm_server_to_client,2.0,0.16460000188089907
8,10,comm_server_to_client_link,2.0,137.9184
8,10,local_training,2.0,2353.659099986544
8,10,comm_client_to_server,2.0,0.25729998014867306
8,10,comm_client_to_server_link,2.0,137.9184
8,10,comm_server_to_client,3.0,0.11320001794956625
8,10,comm_server_to_client_link,3.0,137.9184
8,10,local_training,3.0,2023.7601999833714
8,10,comm_client_to_server,3.0,0.2860999957192689
8,10,comm_client_to_server_link,3.0,137.9184
8,10,comm_server_to_client,4.0,0.14220000593923032
8,10,comm_server_to_client_link,4.0,137.9184
8,10,local_training,4.0,1931.1015999992378
8,10,comm_client_to_server,4.0,0.3013000241480768
8,10,comm_client_to_server_link,4.0,137.9184
8,10,fedavg,,1.6533999878447503
8,10,total_round,,8679.842699988512
8,11,comm_server_to_client,1.0,0.38670000503771007
8,11,comm_server_to_client_link,1.0,137.9184
8,11,local_training,1.0,1755.2479000005405
8,11,comm_client_to_server,1.0,0.26369999977760017
8,11,comm_client_to_server_link,1.0,137.9184
8,11,comm_server_to_client,2.0,0.11219998123124242
8,11,comm_server_to_client_link,2.0,137.9184
8,11,local_training,2.0,1663.2768999843393
8,11,comm_client_to_server,2.0,0.28550002025440335
8,11,comm_client_to_server_link,2.0,137.9184
8,11,comm_server_to_client,3.0,0.13219998800195754
8,11,comm_server_to_client_link,3.0,137.9184
8,11,local_training,3.0,1704.9113999819383
8,11,comm_client_to_server,3.0,0.31189998844638467
8,11,comm_client_to_server_link,3.0,137.9184
8,11,comm_server_to_client,4.0,0.1638999965507537
8,11,comm_server_to_client_link,4.0,137.9184
8,11,local_training,4.0,1900.7641000207514
8,11,comm_client_to_server,4.0,0.31289999606087804
8,11,comm_client_to_server_link,4.0,137.9184
8,11,fedavg,,1.8186000233981758
8,11,total_round,,7029.513899993617
8,12,comm_server_to_client,1.0,0.504100025864318
8,12,comm_server_to_client_link,1.0,137.9184
8,12,local_training,1.0,1841.4217999961693
8,12,comm_client_to_server,1.0,0.2598999999463558
8,12,comm_client_to_server_link,1.0,137.9184
8,12,comm_server_to_client,2.0,0.11319998884573579
8,12,comm_server_to_client_link,2.0,137.9184
8,12,local_training,2.0,1689.1954999882728
8,12,comm_client_to_server,2.0,0.2841999812517315
8,12,comm_client_to_server_link,2.0,137.9184
8,12,comm_server_to_client,3.0,0.19729998894035816
8,12,comm_server_to_client_link,3.0,137.9184
8,12,local_training,3.0,1724.9288999882992
8,12,comm_client_to_server,3.0,0.5485000147018582
8,12,comm_client_to_server_link,3.0,137.9184
8,12,comm_server_to_client,4.0,0.2662999904714525
8,12,comm_server_to_client_link,4.0,137.9184
8,12,local_training,4.0,1669.685800006846
8,12,comm_client_to_server,4.0,0.2727000101003796
8,12,comm_client_to_server_link,4.0,137.9184
8,12,fedavg,,1.6749999776948243
8,12,total_round,,6931.372199993348
8,13,comm_server_to_client,1.0,0.22960000205785036
8,13,comm_server_to_client_link,1.0,137.9184
8,13,local_training,1.0,2018.163700005971
8,13,comm_client_to_server,1.0,0.40180000360123813
8,13,comm_client_to_server_link,1.0,137.9184
8,13,comm_server_to_client,2.0,0.20149999181739986
8,13,comm_server_to_client_link,2.0,137.9184
8,13,local_training,2.0,2004.5879000099376
8,13,comm_client_to_server,2.0,0.3394999948795885
8,13,comm_client_to_server_link,2.0,137.9184
8,13,comm_server_to_client,3.0,0.15469998470507562
8,13,comm_server_to_client_link,3.0,137.9184
8,13,local_training,3.0,1795.98269998678
8,13,comm_client_to_server,3.0,0.25069998810067773
8,13,comm_client_to_server_link,3.0,137.9184
8,13,comm_server_to_client,4.0,0.11809999705292284
8,13,comm_server_to_client_link,4.0,137.9184
8,13,local_training,4.0,1657.8392999945208
8,13,comm_client_to_server,4.0,0.24360002134926617
8,13,comm_client_to_server_link,4.0,137.9184
8,13,fedavg,,1.379899971652776
8,13,total_round,,7481.105100014247
8,14,comm_server_to_client,1.0,0.22670000907965004
8,14,comm_server_to_client_link,1.0,137.9184
8,14,local_training,1.0,1868.3776000107173
8,14,comm_client_to_server,1.0,0.24470000062137842
8,14,comm_client_to_server_link,1.0,137.9184
8,14,comm_server_to_client,2.0,0.10409997776150703
8,14,comm_server_to_client_link,2.0,137.9184
8,14,local_training,2.0,1813.7065000191797
8,14,comm_client_to_server,2.0,0.23700000019744039
8,14,comm_client_to_server_link,2.0,137.9184
8,14,comm_server_to_client,3.0,0.10289999772794545
8,14,comm_server_to_client_link,3.0,137.9184
8,14,local_training,3.0,1683.0205000005662
8,14,comm_client_to_server,3.0,0.426900020102039
8,14,comm_client_to_server_link,3.0,137.9184
8,14,comm_server_to_client,4.0,0.1343000039923936
8,14,comm_server_to_client_link,4.0,137.9184
8,14,local_training,4.0,1921.9772999931592
8,14,comm_client_to_server,4.0,0.25129999266937375
8,14,comm_client_to_server_link,4.0,137.9184
8,14,fedavg,,1.5554999990854412
8,14,total_round,,7291.447900002822
8,15,comm_server_to_client,1.0,0.2376000047661364
8,15,comm_server_to_client_link,1.0,137.9184
8,15,local_training,1.0,2236.6163000115193
8,15,comm_client_to_server,1.0,0.43020001612603664
8,15,comm_client_to_server_link,1.0,137.9184
8,15,comm_server_to_client,2.0,0.2474999928381294
8,15,comm_server_to_client_link,2.0,137.9184
8,15,local_training,2.0,1750.761599978432
8,15,comm_client_to_server,2.0,0.24140000459738076
8,15,comm_client_to_server_link,2.0,137.9184
8,15,comm_server_to_client,3.0,0.11480000102892518
8,15,comm_server_to_client_link,3.0,137.9184
8,15,local_training,3.0,1932.3126999952365
8,15,comm_client_to_server,3.0,0.2899999963119626
8,15,comm_client_to_server_link,3.0,137.9184
8,15,comm_server_to_client,4.0,0.1433999859727919
8,15,comm_server_to_client_link,4.0,137.9184
8,15,local_training,4.0,1674.5255999849178
8,15,comm_client_to_server,4.0,0.23929998860694468
8,15,comm_client_to_server_link,4.0,137.9184
8,15,fedavg,,1.37489999178797
8,15,total_round,,7598.82590000052
8,16,comm_server_to_client,1.0,0.2303999790456146
8,16,comm_server_to_client_link,1.0,137.9184
8,16,local_training,1.0,2242.8719000017736
8,16,comm_client_to_server,1.0,0.40309998439624906
8,16,comm_client_to_server_link,1.0,137.9184
8,16,comm_server_to_client,2.0,0.43620000360533595
8,16,comm_server_to_client_link,2.0,137.9184
8,16,local_training,2.0,1974.041900015436
8,16,comm_client_to_server,2.0,0.22149999858811498
8,16,comm_client_to_server_link,2.0,137.9184
8,16,comm_server_to_client,3.0,0.11359999189153314
8,16,comm_server_to_client_link,3.0,137.9184
8,16,local_training,3.0,1716.229999990901
8,16,comm_client_to_server,3.0,0.49589999252930284
8,16,comm_client_to_server_link,3.0,137.9184
8,16,comm_server_to_client,4.0,0.2929000183939934
8,16,comm_server_to_client_link,4.0,137.9184
8,16,local_training,4.0,1765.1882000209298
8,16,comm_client_to_server,4.0,0.2358000201638788
8,16,comm_client_to_server_link,4.0,137.9184
8,16,fedavg,,1.5165999939199537
8,16,total_round,,7703.351500007557
8,17,comm_server_to_client,1.0,0.22879999596625566
8,17,comm_server_to_client_link,1.0,137.9184
8,17,local_training,1.0,2028.6982000106946
8,17,comm_client_to_server,1.0,0.395399983972311
8,17,comm_client_to_server_link,1.0,137.9184
8,17,comm_server_to_client,2.0,0.21779999951831996
8,17,comm_server_to_client_link,2.0,137.9184
8,17,local_training,2.0,1679.7011000162456
8,17,comm_client_to_server,2.0,0.229199999012053
8,17,comm_client_to_server_link,2.0,137.9184
8,17,comm_server_to_client,3.0,0.10570001904852688
8,17,comm_server_to_client_link,3.0,137.9184
8,17,local_training,3.0,1874.4404000171926
8,17,comm_client_to_server,3.0,0.2452000044286251
8,17,comm_client_to_server_link,3.0,137.9184
8,17,comm_server_to_client,4.0,0.11229998199269176
8,17,comm_server_to_client_link,4.0,137.9184
8,17,local_training,4.0,1724.9097999883816
8,17,comm_client_to_server,4.0,0.2620000159367919
8,17,comm_client_to_server_link,4.0,137.9184
8,17,fedavg,,1.4946000010240823
8,17,total_round,,7312.174899998354
8,18,comm_server_to_client,1.0,0.311399984639138
8,18,comm_server_to_client_link,1.0,137.9184
8,18,local_training,1.0,1641.387899988331
8,18,comm_client_to_server,1.0,0.24349999148398638
8,18,comm_client_to_server_link,1.0,137.9184
8,18,comm_server_to_client,2.0,0.10979999206028879
8,18,comm_server_to_client_link,2.0,137.9184
8,18,local_training,2.0,1713.28050000011
8,18,comm_client_to_server,2.0,0.30690000858157873
8,18,comm_client_to_server_link,2.0,137.9184
8,18,comm_server_to_client,3.0,0.19419999443925917
8,18,comm_server_to_client_link,3.0,137.9184
8,18,local_training,3.0,1654.6193000103813
8,18,comm_client_to_server,3.0,0.4146000137552619
8,18,comm_client_to_server_link,3.0,137.9184
8,18,comm_server_to_client,4.0,0.2342000079806894
8,18,comm_server_to_client_link,4.0,137.9184
8,18,local_training,4.0,1809.120999998413
8,18,comm_client_to_server,4.0,0.27970000519417226
8,18,comm_client_to_server_link,4.0,137.9184
8,18,fedavg,,1.724000001559034
8,18,total_round,,6823.525299987523
8,19,comm_server_to_client,1.0,0.27180000324733555
8,19,comm_server_to_client_link,1.0,137.9184
8,19,local_training,1.0,2293.371700012358
8,19,comm_client_to_server,1.0,0.3907000063918531
8,19,comm_client_to_server_link,1.0,137.9184
8,19,comm_server_to_client,2.0,0.24220001068897545
8,19,comm_server_to_client_link,2.0,137.9184
8,19,local_training,2.0,1757.2873999888543
8,19,comm_client_to_server,2.0,0.24389999452978373
8,19,comm_client_to_server_link,2.0,137.9184
8,19,comm_server_to_client,3.0,0.1154000055976212
8,19,comm_server_to_client_link,3.0,137.9184
8,19,local_training,3.0,1674.1542000090703
8,19,comm_client_to_server,3.0,0.2689999819267541
8,19,comm_client_to_server_link,3.0,137.9184
8,19,comm_server_to_client,4.0,0.13990001752972603
8,19,comm_server_to_client_link,4.0,137.9184
8,19,local_training,4.0,1511.3843000144698
8,19,comm_client_to_server,4.0,0.26099997921846807
8,19,comm_client_to_server_link,4.0,137.9184
8,19,fedavg,,1.6246000013779849
8,19,total_round,,7241.325100010727
8,20,comm_server_to_client,1.0,0.21040000137872994
8,20,comm_server_to_client_link,1.0,137.9184
8,20,local_training,1.0,2090.2151000045706
8,20,comm_client_to_server,1.0,0.2899999963119626
8,20,comm_client_to_server_link,1.0,137.9184
8,20,comm_server_to_client,2.0,0.14709998504258692
8,20,comm_server_to_client_link,2.0,137.9184
8,20,local_training,2.0,1796.9234000192955
8,20,comm_client_to_server,2.0,0.2647999790497124
8,20,comm_client_to_server_link,2.0,137.9184
8,20,comm_server_to_client,3.0,0.13259999104775488
8,20,comm_server_to_client_link,3.0,137.9184
8,20,local_training,3.0,1789.8362000123598
8,20,comm_client_to_server,3.0,0.28119998751208186
8,20,comm_client_to_server_link,3.0,137.9184
8,20,comm_server_to_client,4.0,0.15559999155811965
8,20,comm_server_to_client_link,4.0,137.9184
8,20,local_training,4.0,1726.2056000181474
8,20,comm_client_to_server,4.0,0.2306999813299626
8,20,comm_client_to_server_link,4.0,137.9184
8,20,fedavg,,1.4680999738629907
8,20,total_round,,7407.476599997608
9,1,comm_server_to_client,1.0,0.524500006577
9,1,comm_server_to_client_link,1.0,137.9184
9,1,local_training,1.0,2003.3802000107244
9,1,comm_client_to_server,1.0,0.26450000586919487
9,1,comm_client_to_server_link,1.0,137.9184
9,1,comm_server_to_client,2.0,0.11550000635907054
9,1,comm_server_to_client_link,2.0,137.9184
9,1,local_training,2.0,1835.6241000001319
9,1,comm_client_to_server,2.0,0.3020000003743917
9,1,comm_client_to_server_link,2.0,137.9184
9,1,comm_server_to_client,3.0,0.14280001050792634
9,1,comm_server_to_client_link,3.0,137.9184
9,1,local_training,3.0,1789.1832999885082
9,1,comm_client_to_server,3.0,0.49860001308843493
9,1,comm_client_to_server_link,3.0,137.9184
9,1,comm_server_to_client,4.0,0.21009999909438193
9,1,comm_server_to_client_link,4.0,137.9184
9,1,local_training,4.0,1972.1122999908403
9,1,comm_client_to_server,4.0,0.3316999936942011
9,1,comm_client_to_server_link,4.0,137.9184
9,1,fedavg,,1.4959000109229237
9,1,total_round,,7616.253600019263
9,2,comm_server_to_client,1.0,0.2504000149201602
9,2,comm_server_to_client_link,1.0,137.9184
9,2,local_training,1.0,2060.246200009715
9,2,comm_client_to_server,1.0,0.34500000765547156
9,2,comm_client_to_server_link,1.0,137.9184
9,2,comm_server_to_client,2.0,0.13729999773204327
9,2,comm_server_to_client_link,2.0,137.9184
9,2,local_training,2.0,2875.9351999906357
9,2,comm_client_to_server,2.0,0.27459999546408653
9,2,comm_client_to_server_link,2.0,137.9184
9,2,comm_server_to_client,3.0,0.1157999795395881
9,2,comm_server_to_client_link,3.0,137.9184
9,2,local_training,3.0,1726.3858999940567
9,2,comm_client_to_server,3.0,0.2823999966494739
9,2,comm_client_to_server_link,3.0,137.9184
9,2,comm_server_to_client,4.0,0.11490000179037452
9,2,comm_server_to_client_link,4.0,137.9184
9,2,local_training,4.0,1705.7075999910012
9,2,comm_client_to_server,4.0,0.282300024991855
9,2,comm_client_to_server_link,4.0,137.9184
9,2,fedavg,,1.5976000286173075
9,2,total_round,,8372.770399990259
9,3,comm_server_to_client,1.0,0.25400001322850585
9,3,comm_server_to_client_link,1.0,137.9184
9,3,local_training,1.0,1768.5663000156637
9,3,comm_client_to_server,1.0,0.26610001805238426
9,3,comm_client_to_server_link,1.0,137.9184
9,3,comm_server_to_client,2.0,0.10460001067258418
9,3,comm_server_to_client_link,2.0,137.9184
9,3,local_training,2.0,2028.0448999837972
9,3,comm_client_to_server,2.0,0.3425999893806875
9,3,comm_client_to_server_link,2.0,137.9184
9,3,comm_server_to_client,3.0,0.15520001761615276
9,3,comm_server_to_client_link,3.0,137.9184
9,3,local_training,3.0,1584.088299976429
9,3,comm_client_to_server,3.0,0.2652999828569591
9,3,comm_client_to_server_link,3.0,137.9184
9,3,comm_server_to_client,4.0,0.11150000500492752
9,3,comm_server_to_client_link,4.0,137.9184
9,3,local_training,4.0,1720.8205999922939
9,3,comm_client_to_server,4.0,0.38979999953880906
9,3,comm_client_to_server_link,4.0,137.9184
9,3,fedavg,,2.904199995100498
9,3,total_round,,7107.353499974124
9,4,comm_server_to_client,1.0,0.2848999865818769
9,4,comm_server_to_client_link,1.0,137.9184
9,4,local_training,1.0,1602.9837000241969
9,4,comm_client_to_server,1.0,0.4140000091865659
9,4,comm_client_to_server_link,1.0,137.9184
9,4,comm_server_to_client,2.0,0.21590001415461302
9,4,comm_server_to_client_link,2.0,137.9184
9,4,local_training,2.0,1858.98580000503
9,4,comm_client_to_server,2.0,0.4343999898992479
9,4,comm_client_to_server_link,2.0,137.9184
9,4,comm_server_to_client,3.0,0.1962000096682459
9,4,comm_server_to_client_link,3.0,137.9184
9,4,local_training,3.0,1585.0924999976996
9,4,comm_client_to_server,3.0,0.2992000081576407
9,4,comm_client_to_server_link,3.0,137.9184
9,4,comm_server_to_client,4.0,0.12939999578520656
9,4,comm_server_to_client_link,4.0,137.9184
9,4,local_training,4.0,1753.778299986152
9,4,comm_client_to_server,4.0,0.40099999750964344
9,4,comm_client_to_server_link,4.0,137.9184
9,4,fedavg,,3.3063999726437032
9,4,total_round,,6807.882399996743
9,5,comm_server_to_client,1.0,0.24540000595152378
9,5,comm_server_to_client_link,1.0,137.9184
9,5,local_training,1.0,1703.251500002807
9,5,comm_client_to_server,1.0,0.28810001094825566
9,5,comm_client_to_server_link,1.0,137.9184
9,5,comm_server_to_client,2.0,0.1438999897800386
9,5,comm_server_to_client_link,2.0,137.9184
9,5,local_training,2.0,1499.4826999900397
9,5,comm_client_to_server,2.0,0.25949999690055847
9,5,comm_client_to_server_link,2.0,137.9184
9,5,comm_server_to_client,3.0,0.11110000195913017
9,5,comm_server_to_client_link,3.0,137.9184
9,5,local_training,3.0,1548.5722000012174
9,5,comm_client_to_server,3.0,0.2749999985098839
9,5,comm_client_to_server_link,3.0,137.9184
9,5,comm_server_to_client,4.0,0.11230001109652221
9,5,comm_server_to_client_link,4.0,137.9184
9,5,local_training,4.0,1697.4909999989904
9,5,comm_client_to_server,4.0,0.2491000050213188
9,5,comm_client_to_server_link,4.0,137.9184
9,5,fedavg,,1.3666999875567853
9,5,total_round,,6452.859000011813
9,6,comm_server_to_client,1.0,0.3266999847255647
9,6,comm_server_to_client_link,1.0,137.9184
9,6,local_training,1.0,1884.425199998077
9,6,comm_client_to_server,1.0,0.2891999902203679
9,6,comm_client_to_server_link,1.0,137.9184
9,6,comm_server_to_client,2.0,0.1323999895248562
9,6,comm_server_to_client_link,2.0,137.9184
9,6,local_training,2.0,2959.9224999838043
9,6,comm_client_to_server,2.0,0.2683999773580581
9,6,comm_client_to_server_link,2.0,137.9184
9,6,comm_server_to_client,3.0,0.11419999646022916
9,6,comm_server_to_client_link,3.0,137.9184
9,6,local_training,3.0,1707.9051999899093
9,6,comm_client_to_server,3.0,0.3296000068075955
9,6,comm_client_to_server_link,3.0,137.9184
9,6,comm_server_to_client,4.0,0.1720000000204891
9,6,comm_server_to_client_link,4.0,137.9184
9,6,local_training,4.0,1685.8553999918513
9,6,comm_client_to_server,4.0,0.26489997981116176
9,6,comm_client_to_server_link,4.0,137.9184
9,6,fedavg,,1.3737000117544085
9,6,total_round,,8242.651899985503
9,7,comm_server_to_client,1.0,0.24720001965761185
9,7,comm_server_to_client_link,1.0,137.9184
9,7,local_training,1.0,1632.8543999989051
9,7,comm_client_to_server,1.0,0.47530001029372215
9,7,comm_client_to_server_link,1.0,137.9184
9,7,comm_server_to_client,2.0,0.21719999494962394
9,7,comm_server_to_client_link,2.0,137.9184
9,7,local_training,2.0,2872.9034999851137
9,7,comm_client_to_server,2.0,0.2716000017244369
9,7,comm_client_to_server_link,2.0,137.9184
9,7,comm_server_to_client,3.0,0.11659998563118279
9,7,comm_server_to_client_link,3.0,137.9184
9,7,local_training,3.0,1762.769599998137
9,7,comm_client_to_server,3.0,0.2514999941922724
9,7,comm_client_to_server_link,3.0,137.9184
9,7,comm_server_to_client,4.0,0.1036000030580908
9,7,comm_server_to_client_link,4.0,137.9184
9,7,local_training,4.0,1786.9379000039771
9,7,comm_client_to_server,4.0,0.2742999931797385
9,7,comm_client_to_server_link,4.0,137.9184
9,7,fedavg,,1.3244999863673002
9,7,total_round,,8059.796400018968
9,8,comm_server_to_client,1.0,0.2511999919079244
9,8,comm_server_to_client_link,1.0,137.9184
9,8,local_training,1.0,2850.7067000027746
9,8,comm_client_to_server,1.0,0.2589000214356929
9,8,comm_client_to_server_link,1.0,137.9184
9,8,comm_server_to_client,2.0,0.11610001092776656
9,8,comm_server_to_client_link,2.0,137.9184
9,8,local_training,2.0,1807.6969000103418
9,8,comm_client_to_server,2.0,0.2717000024858862
9,8,comm_client_to_server_link,2.0,137.9184
9,8,comm_server_to_client,3.0,0.13280002167448401
9,8,comm_server_to_client_link,3.0,137.9184
9,8,local_training,3.0,1730.3453999920748
9,8,comm_client_to_server,3.0,0.23059998056851327
9,8,comm_client_to_server_link,3.0,137.9184
9,8,comm_server_to_client,4.0,0.0926000066101551
9,8,comm_server_to_client_link,4.0,137.9184
9,8,local_training,4.0,1597.6680000021588
9,8,comm_client_to_server,4.0,0.2781999937724322
9,8,comm_client_to_server_link,4.0,137.9184
9,8,fedavg,,1.2892000086139888
9,8,total_round,,7990.435199986678
9,9,comm_server_to_client,1.0,0.24250001297332346
9,9,comm_server_to_client_link,1.0,137.9184
9,9,local_training,1.0,2873.6224000167567
9,9,comm_client_to_server,1.0,0.2614000113680959
9,9,comm_client_to_server_link,1.0,137.9184
9,9,comm_server_to_client,2.0,0.1236999814864248
9,9,comm_server_to_client_link,2.0,137.9184
9,9,local_training,2.0,1574.3542999844067
9,9,comm_client_to_server,2.0,0.28909998945891857
9,9,comm_client_to_server_link,2.0,137.9184
9,9,comm_server_to_client,3.0,0.13789997319690883
9,9,comm_server_to_client_link,3.0,137.9184
9,9,local_training,3.0,1499.0648000093643
9,9,comm_client_to_server,3.0,0.2758000046014786
9,9,comm_client_to_server_link,3.0,137.9184
9,9,comm_server_to_client,4.0,0.11190000805072486
9,9,comm_server_to_client_link,4.0,137.9184
9,9,local_training,4.0,1576.0159000055864
9,9,comm_client_to_server,4.0,0.25320000713691115
9,9,comm_client_to_server_link,4.0,137.9184
9,9,fedavg,,1.3242000131867826
9,9,total_round,,7527.065199974459
9,10,comm_server_to_client,1.0,0.22270000772550702
9,10,comm_server_to_client_link,1.0,137.9184
9,10,local_training,1.0,2888.8099000032526
9,10,comm_client_to_server,1.0,0.3683999821078032
9,10,comm_client_to_server_link,1.0,137.9184
9,10,comm_server_to_client,2.0,0.2077000099234283
9,10,comm_server_to_client_link,2.0,137.9184
9,10,local_training,2.0,1609.4504999928176
9,10,comm_client_to_server,2.0,0.22009998792782426
9,10,comm_client_to_server_link,2.0,137.9184
9,10,comm_server_to_client,3.0,0.09889999637380242
9,10,comm_server_to_client_link,3.0,137.9184
9,10,local_training,3.0,1829.921100026695
9,10,comm_client_to_server,3.0,0.2449000021442771
9,10,comm_client_to_server_link,3.0,137.9184
9,10,comm_server_to_client,4.0,0.1039999770000577
9,10,comm_server_to_client_link,4.0,137.9184
9,10,local_training,4.0,1762.6464999921154
9,10,comm_client_to_server,4.0,0.4836999869439751
9,10,comm_client_to_server_link,4.0,137.9184
9,10,fedavg,,3.0184999923221767
9,10,total_round,,8096.923000004608
9,11,comm_server_to_client,1.0,0.3453000099398196
9,11,comm_server_to_client_link,1.0,137.9184
9,11,local_training,1.0,1654.7737999935634
9,11,comm_client_to_server,1.0,0.23629999486729503
9,11,comm_client_to_server_link,1.0,137.9184
9,11,comm_server_to_client,2.0,0.09869999485090375
9,11,comm_server_to_client_link,2.0,137.9184
9,11,local_training,2.0,1556.8786999792792
9,11,comm_client_to_server,2.0,0.22950000129640102
9,11,comm_client_to_server_link,2.0,137.9184
9,11,comm_server_to_client,3.0,0.09590000263415277
9,11,comm_server_to_client_link,3.0,137.9184
9,11,local_training,3.0,1735.929100017529
9,11,comm_client_to_server,3.0,0.24289998691529036
9,11,comm_client_to_server_link,3.0,137.9184
9,11,comm_server_to_client,4.0,0.09779998799785972
9,11,comm_server_to_client_link,4.0,137.9184
9,11,local_training,4.0,1862.608099996578
9,11,comm_client_to_server,4.0,0.27469999622553587
9,11,comm_client_to_server_link,4.0,137.9184
9,11,fedavg,,1.7272999975830317
9,11,total_round,,6814.847500005271
9,12,comm_server_to_client,1.0,0.3144000074826181
9,12,comm_server_to_client_link,1.0,137.9184
9,12,local_training,1.0,1892.644300009124
9,12,comm_client_to_server,1.0,0.25599999935366213
9,12,comm_client_to_server_link,1.0,137.9184
9,12,comm_server_to_client,2.0,0.11259998427703977
9,12,comm_server_to_client_link,2.0,137.9184
9,12,local_training,2.0,2857.523799990304
9,12,comm_client_to_server,2.0,0.34539998159743845
9,12,comm_client_to_server_link,2.0,137.9184
9,12,comm_server_to_client,3.0,0.21219998598098755
9,12,comm_server_to_client_link,3.0,137.9184
9,12,local_training,3.0,1625.1310000079684
9,12,comm_client_to_server,3.0,0.45620001037605107
9,12,comm_client_to_server_link,3.0,137.9184
9,12,comm_server_to_client,4.0,0.2525000018067658
9,12,comm_server_to_client_link,4.0,137.9184
9,12,local_training,4.0,1649.0111000020988
9,12,comm_client_to_server,4.0,0.39319999632425606
9,12,comm_client_to_server_link,4.0,137.9184
9,12,fedavg,,1.7578999977558851
9,12,total_round,,8029.852799983928
9,13,comm_server_to_client,1.0,0.2612999815028161
9,13,comm_server_to_client_link,1.0,137.9184
9,13,local_training,1.0,1738.9832999906503
9,13,comm_client_to_server,1.0,0.43769998592324555
9,13,comm_client_to_server_link,1.0,137.9184
9,13,comm_server_to_client,2.0,0.22280000848695636
9,13,comm_server_to_client_link,2.0,137.9184
9,13,local_training,2.0,1871.49339998723
9,13,comm_client_to_server,2.0,0.2714000002015382
9,13,comm_client_to_server_link,2.0,137.9184
9,13,comm_server_to_client,3.0,0.12410001363605261
9,13,comm_server_to_client_link,3.0,137.9184
9,13,local_training,3.0,1877.21189999138
9,13,comm_client_to_server,3.0,0.2575000107754022
9,13,comm_client_to_server_link,3.0,137.9184
9,13,comm_server_to_client,4.0,0.11150000500492752
9,13,comm_server_to_client_link,4.0,137.9184
9,13,local_training,4.0,1649.097499990603
9,13,comm_client_to_server,4.0,0.25240000104531646
9,13,comm_client_to_server_link,4.0,137.9184
9,13,fedavg,,1.4497000083792955
9,13,total_round,,7141.366800002288
9,14,comm_server_to_client,1.0,0.2906000008806586
9,14,comm_server_to_client_link,1.0,137.9184
9,14,local_training,1.0,1696.1297999951057
9,14,comm_client_to_server,1.0,0.2494000073056668
9,14,comm_client_to_server_link,1.0,137.9184
9,14,comm_server_to_client,2.0,0.11100000119768083
9,14,comm_server_to_client_link,2.0,137.9184
9,14,local_training,2.0,1937.684900010936
9,14,comm_client_to_server,2.0,0.3333999775350094
9,14,comm_client_to_server_link,2.0,137.9184
9,14,comm_server_to_client,3.0,0.17869999282993376
9,14,comm_server_to_client_link,3.0,137.9184
9,14,local_training,3.0,1611.9823000044562
9,14,comm_client_to_server,3.0,0.32320001628249884
9,14,comm_client_to_server_link,3.0,137.9184
9,14,comm_server_to_client,4.0,0.18540001474320889
9,14,comm_server_to_client_link,4.0,137.9184
9,14,local_training,4.0,1820.1974999974482
9,14,comm_client_to_server,4.0,0.24960000882856548
9,14,comm_client_to_server_link,4.0,137.9184
9,14,fedavg,,1.41050000092946
9,14,total_round,,7070.732599997427
9,15,comm_server_to_client,1.0,0.308299990138039
9,15,comm_server_to_client_link,1.0,137.9184
9,15,local_training,1.0,1785.7859000214376
9,15,comm_client_to_server,1.0,0.24690001737326384
9,15,comm_client_to_server_link,1.0,137.9184
9,15,comm_server_to_client,2.0,0.11449999874457717
9,15,comm_server_to_client_link,2.0,137.9184
9,15,local_training,2.0,1632.7220000093803
9,15,comm_client_to_server,2.0,0.28169999131932855
9,15,comm_client_to_server_link,2.0,137.9184
9,15,comm_server_to_client,3.0,0.13390000094659626
9,15,comm_server_to_client_link,3.0,137.9184
9,15,local_training,3.0,1602.131299994653
9,15,comm_client_to_server,3.0,0.23750000400468707
9,15,comm_client_to_server_link,3.0,137.9184
9,15,comm_server_to_client,4.0,0.10930001735687256
9,15,comm_server_to_client_link,4.0,137.9184
9,15,local_training,4.0,1571.518200013088
9,15,comm_client_to_server,4.0,0.2914999786298722
9,15,comm_client_to_server_link,4.0,137.9184
9,15,fedavg,,2.1342000109143555
9,15,total_round,,6597.087500005728
9,16,comm_server_to_client,1.0,0.5096999811939895
9,16,comm_server_to_client_link,1.0,137.9184
9,16,local_training,1.0,1583.8115999940783
9,16,comm_client_to_server,1.0,0.2463000128045678
9,16,comm_client_to_server_link,1.0,137.9184
9,16,comm_server_to_client,2.0,0.14349998673424125
9,16,comm_server_to_client_link,2.0,137.9184
9,16,local_training,2.0,1766.7771999840625
9,16,comm_client_to_server,2.0,0.2624999906402081
9,16,comm_client_to_server_link,2.0,137.9184
9,16,comm_server_to_client,3.0,0.1297999988310039
9,16,comm_server_to_client_link,3.0,137.9184
9,16,local_training,3.0,1660.2807999879587
9,16,comm_client_to_server,3.0,0.2398999931756407
9,16,comm_client_to_server_link,3.0,137.9184
9,16,comm_server_to_client,4.0,0.1391999830957502
9,16,comm_server_to_client_link,4.0,137.9184
9,16,local_training,4.0,1651.758299994981
9,16,comm_client_to_server,4.0,0.32479999936185777
9,16,comm_client_to_server_link,4.0,137.9184
9,16,fedavg,,2.1704000246245414
9,16,total_round,,6668.405799980974
9,17,comm_server_to_client,1.0,0.39010000182315707
9,17,comm_server_to_client_link,1.0,137.9184
9,17,local_training,1.0,1650.5464000219945
9,17,comm_client_to_server,1.0,0.3527999797370285
9,17,comm_client_to_server_link,1.0,137.9184
9,17,comm_server_to_client,2.0,0.19389999215491116
9,17,comm_server_to_client_link,2.0,137.9184
9,17,local_training,2.0,2885.047799994936
9,17,comm_client_to_server,2.0,0.2096000243909657
9,17,comm_client_to_server_link,2.0,137.9184
9,17,comm_server_to_client,3.0,0.10740000288933516
9,17,comm_server_to_client_link,3.0,137.9184
9,17,local_training,3.0,1716.3592999859247
9,17,comm_client_to_server,3.0,0.22029998945072293
9,17,comm_client_to_server_link,3.0,137.9184
9,17,comm_server_to_client,4.0,0.09769998723641038
9,17,comm_server_to_client_link,4.0,137.9184
9,17,local_training,4.0,2049.1265000018757
9,17,comm_client_to_server,4.0,0.47539998195134103
9,17,comm_client_to_server_link,4.0,137.9184
9,17,fedavg,,3.298800002085045
9,17,total_round,,8308.262000005925
9,18,comm_server_to_client,1.0,0.4589000018313527
9,18,comm_server_to_client_link,1.0,137.9184
9,18,local_training,1.0,2030.9813999920152
9,18,comm_client_to_server,1.0,0.4011999990325421
9,18,comm_client_to_server_link,1.0,137.9184
9,18,comm_server_to_client,2.0,0.2209999947808683
9,18,comm_server_to_client_link,2.0,137.9184
9,18,local_training,2.0,2077.8254000179004
9,18,comm_client_to_server,2.0,0.3513999981805682
9,18,comm_client_to_server_link,2.0,137.9184
9,18,comm_server_to_client,3.0,0.22980000358074903
9,18,comm_server_to_client_link,3.0,137.9184
9,18,local_training,3.0,1647.6985999906901
9,18,comm_client_to_server,3.0,0.30079999123699963
9,18,comm_client_to_server_link,3.0,137.9184
9,18,comm_server_to_client,4.0,0.16080000204965472
9,18,comm_server_to_client_link,4.0,137.9184
9,18,local_training,4.0,1726.9997999828774
9,18,comm_client_to_server,4.0,0.30280000646598637
9,18,comm_client_to_server_link,4.0,137.9184
9,18,fedavg,,2.1182000054977834
9,18,total_round,,7489.892699988559
9,19,comm_server_to_client,1.0,0.33989999792538583
9,19,comm_server_to_client_link,1.0,137.9184
9,19,local_training,1.0,1515.625900006853
9,19,comm_client_to_server,1.0,0.27910000062547624
9,19,comm_client_to_server_link,1.0,137.9184
9,19,comm_server_to_client,2.0,0.1449999981559813
9,19,comm_server_to_client_link,2.0,137.9184
9,19,local_training,2.0,1652.1726000064518
9,19,comm_client_to_server,2.0,0.3066000062972307
9,19,comm_client_to_server_link,2.0,137.9184
9,19,comm_server_to_client,3.0,0.16349999350495636
9,19,comm_server_to_client_link,3.0,137.9184
9,19,local_training,3.0,1714.4519000139553
9,19,comm_client_to_server,3.0,0.29490000451914966
9,19,comm_client_to_server_link,3.0,137.9184
9,19,comm_server_to_client,4.0,0.156299996888265
9,19,comm_server_to_client_link,4.0,137.9184
9,19,local_training,4.0,1695.872500014957
9,19,comm_client_to_server,4.0,0.34139998024329543
9,19,comm_client_to_server_link,4.0,137.9184
9,19,fedavg,,2.481400006217882
9,19,total_round,,6584.179800003767
9,20,comm_server_to_client,1.0,0.29090000316500664
9,20,comm_server_to_client_link,1.0,137.9184
9,20,local_training,1.0,1622.954699996626
9,20,comm_client_to_server,1.0,0.34959998447448015
9,20,comm_client_to_server_link,1.0,137.9184
9,20,comm_server_to_client,2.0,0.20080001559108496
9,20,comm_server_to_client_link,2.0,137.9184
9,20,local_training,2.0,1601.6276000009384
9,20,comm_client_to_server,2.0,0.23720000172033906
9,20,comm_client_to_server_link,2.0,137.9184
9,20,comm_server_to_client,3.0,0.1044000091496855
9,20,comm_server_to_client_link,3.0,137.9184
9,20,local_training,3.0,1744.415699999081
9,20,comm_client_to_server,3.0,0.25610000011511147
9,20,comm_client_to_server_link,3.0,137.9184
9,20,comm_server_to_client,4.0,0.14009998994879425
9,20,comm_server_to_client_link,4.0,137.9184
9,20,local_training,4.0,1679.1272000118624
9,20,comm_client_to_server,4.0,0.32140000257641077
9,20,comm_client_to_server_link,4.0,137.9184
9,20,fedavg,,2.536299987696111
9,20,total_round,,6653.8864000176545
10,1,comm_server_to_client,1.0,0.3590000269468874
10,1,comm_server_to_client_link,1.0,137.9184
10,1,local_training,1.0,1944.7179000126198
10,1,comm_client_to_server,1.0,0.4470999992918223
10,1,comm_client_to_server_link,1.0,137.9184
10,1,comm_server_to_client,2.0,0.23519998649135232
10,1,comm_server_to_client_link,2.0,137.9184
10,1,local_training,2.0,1672.5550999981351
10,1,comm_client_to_server,2.0,0.24980001035146415
10,1,comm_client_to_server_link,2.0,137.9184
10,1,comm_server_to_client,3.0,0.11709998943842947
10,1,comm_server_to_client_link,3.0,137.9184
10,1,local_training,3.0,1655.4458999889903
10,1,comm_client_to_server,3.0,0.24380002287216485
10,1,comm_client_to_server_link,3.0,137.9184
10,1,comm_server_to_client,4.0,0.1246000174432993
10,1,comm_server_to_client_link,4.0,137.9184
10,1,local_training,4.0,1787.669699988328
10,1,comm_client_to_server,4.0,0.22260000696405768
10,1,comm_client_to_server_link,4.0,137.9184
10,1,fedavg,,1.5165000222623348
10,1,total_round,,7072.9570999974385
10,2,comm_server_to_client,1.0,0.5093000072520226
10,2,comm_server_to_client_link,1.0,137.9184
10,2,local_training,1.0,1884.7294000152033
10,2,comm_client_to_server,1.0,0.21329999435693026
10,2,comm_client_to_server_link,1.0,137.9184
10,2,comm_server_to_client,2.0,0.1373999984934926
10,2,comm_server_to_client_link,2.0,137.9184
10,2,local_training,2.0,1960.1373000186868
10,2,comm_client_to_server,2.0,0.42359999497421086
10,2,comm_client_to_server_link,2.0,137.9184
10,2,comm_server_to_client,3.0,0.1928000128827989
10,2,comm_server_to_client_link,3.0,137.9184
10,2,local_training,3.0,1831.2272999901325
10,2,comm_client_to_server,3.0,0.3302000113762915
10,2,comm_client_to_server_link,3.0,137.9184
10,2,comm_server_to_client,4.0,0.1894000160973519
10,2,comm_server_to_client_link,4.0,137.9184
10,2,local_training,4.0,1808.746800001245
10,2,comm_client_to_server,4.0,0.2778999914880842
10,2,comm_client_to_server_link,4.0,137.9184
10,2,fedavg,,1.519799989182502
10,2,total_round,,7491.672900010599
10,3,comm_server_to_client,1.0,0.21550001110881567
10,3,comm_server_to_client_link,1.0,137.9184
10,3,local_training,1.0,1700.0814000202809
10,3,comm_client_to_server,1.0,0.2555999963078648
10,3,comm_client_to_server_link,1.0,137.9184
10,3,comm_server_to_client,2.0,0.10609999299049377
10,3,comm_server_to_client_link,2.0,137.9184
10,3,local_training,2.0,2843.880200001877
10,3,comm_client_to_server,2.0,0.2471000188961625
10,3,comm_client_to_server_link,2.0,137.9184
10,3,comm_server_to_client,3.0,0.099799974123016
10,3,comm_server_to_client_link,3.0,137.9184
10,3,local_training,3.0,1700.454899983015
10,3,comm_client_to_server,3.0,0.2662999904714525
10,3,comm_client_to_server_link,3.0,137.9184
10,3,comm_server_to_client,4.0,0.11829999857582152
10,3,comm_server_to_client_link,4.0,137.9184
10,3,local_training,4.0,1823.8561000034679
10,3,comm_client_to_server,4.0,0.3341000119689852
10,3,comm_client_to_server_link,4.0,137.9184
10,3,fedavg,,1.7831000150181353
10,3,total_round,,8072.828300006222
10,4,comm_server_to_client,1.0,0.2730000123847276
10,4,comm_server_to_client_link,1.0,137.9184
10,4,local_training,1.0,1741.248500009533
10,4,comm_client_to_server,1.0,0.809600023785606
10,4,comm_client_to_server_link,1.0,137.9184
10,4,comm_server_to_client,2.0,0.5702999769710004
10,4,comm_server_to_client_link,2.0,137.9184
10,4,local_training,2.0,1765.072100010002
10,4,comm_client_to_server,2.0,0.2717000024858862
10,4,comm_client_to_server_link,2.0,137.9184
10,4,comm_server_to_client,3.0,0.11180000728927553
10,4,comm_server_to_client_link,3.0,137.9184
10,4,local_training,3.0,1647.3810000170488
10,4,comm_client_to_server,3.0,0.2423000114504248
10,4,comm_client_to_server_link,3.0,137.9184
10,4,comm_server_to_client,4.0,0.10229999315924942
10,4,comm_server_to_client_link,4.0,137.9184
10,4,local_training,4.0,1612.9749999963678
10,4,comm_client_to_server,4.0,0.34199998481199145
10,4,comm_client_to_server_link,4.0,137.9184
10,4,fedavg,,2.3598999832756817
10,4,total_round,,6773.096299992176
10,5,comm_server_to_client,1.0,0.3179999766871333
10,5,comm_server_to_client_link,1.0,137.9184
10,5,local_training,1.0,2927.6785999827553
10,5,comm_client_to_server,1.0,0.5317000031936914
10,5,comm_client_to_server_link,1.0,137.9184
10,5,comm_server_to_client,2.0,0.30280000646598637
10,5,comm_server_to_client_link,2.0,137.9184
10,5,local_training,2.0,1673.7176000024192
10,5,comm_client_to_server,2.0,0.2528000040911138
10,5,comm_client_to_server_link,2.0,137.9184
10,5,comm_server_to_client,3.0,0.1188000023830682
10,5,comm_server_to_client_link,3.0,137.9184
10,5,local_training,3.0,1509.1371000162326
10,5,comm_client_to_server,3.0,0.25370001094415784
10,5,comm_client_to_server_link,3.0,137.9184
10,5,comm_server_to_client,4.0,0.11049999739043415
10,5,comm_server_to_client_link,4.0,137.9184
10,5,local_training,4.0,1571.7412999947555
10,5,comm_client_to_server,4.0,0.25610000011511147
10,5,comm_client_to_server_link,4.0,137.9184
10,5,fedavg,,1.359499990940094
10,5,total_round,,7687.266900000395
10,6,comm_server_to_client,1.0,0.24969998048618436
10,6,comm_server_to_client_link,1.0,137.9184
10,6,local_training,1.0,3147.4114000156987
10,6,comm_client_to_server,1.0,0.28080001357011497
10,6,comm_client_to_server_link,1.0,137.9184
10,6,comm_server_to_client,2.0,0.10640002437867224
10,6,comm_server_to_client_link,2.0,137.9184
10,6,local_training,2.0,1918.5225999972317
10,6,comm_client_to_server,2.0,0.28150001890026033
10,6,comm_client_to_server_link,2.0,137.9184
10,6,comm_server_to_client,3.0,0.12379998224787414
10,6,comm_server_to_client_link,3.0,137.9184
10,6,local_training,3.0,1860.004799993476
10,6,comm_client_to_server,3.0,0.3434999962337315
10,6,comm_client_to_server_link,3.0,137.9184
10,6,comm_server_to_client,4.0,0.24679998750798404
10,6,comm_server_to_client_link,4.0,137.9184
10,6,local_training,4.0,1797.3158000095282
10,6,comm_client_to_server,4.0,0.26050000451505184
10,6,comm_client_to_server_link,4.0,137.9184
10,6,fedavg,,1.344399992376566
10,6,total_round,,8727.653600013582
10,7,comm_server_to_client,1.0,0.24429999757558107
10,7,comm_server_to_client_link,1.0,137.9184
10,7,local_training,1.0,1574.4925000180956
10,7,comm_client_to_server,1.0,0.2518999972380698
10,7,comm_client_to_server_link,1.0,137.9184
10,7,comm_server_to_client,2.0,0.11069999891333282
10,7,comm_server_to_client_link,2.0,137.9184
10,7,local_training,2.0,1567.4859000137076
10,7,comm_client_to_server,2.0,0.2911000046879053
10,7,comm_client_to_server_link,2.0,137.9184
10,7,comm_server_to_client,3.0,0.1407999952789396
10,7,comm_server_to_client_link,3.0,137.9184
10,7,local_training,3.0,1591.9172000139952
10,7,comm_client_to_server,3.0,0.2673999988473952
10,7,comm_client_to_server_link,3.0,137.9184
10,7,comm_server_to_client,4.0,0.1036000030580908
10,7,comm_server_to_client_link,4.0,137.9184
10,7,local_training,4.0,1967.4427999998443
10,7,comm_client_to_server,4.0,0.31189998844638467
10,7,comm_client_to_server_link,4.0,137.9184
10,7,fedavg,,2.3016000050120056
10,7,total_round,,6706.427299999632
10,8,comm_server_to_client,1.0,0.27359998784959316
10,8,comm_server_to_client_link,1.0,137.9184
10,8,local_training,1.0,2192.6151999796275
10,8,comm_client_to_server,1.0,0.2367999986745417
10,8,comm_client_to_server_link,1.0,137.9184
10,8,comm_server_to_client,2.0,0.11059999815188348
10,8,comm_server_to_client_link,2.0,137.9184
10,8,local_training,2.0,2918.126599979587
10,8,comm_client_to_server,2.0,0.31849998049438
10,8,comm_client_to_server_link,2.0,137.9184
10,8,comm_server_to_client,3.0,0.1312999811489135
10,8,comm_server_to_client_link,3.0,137.9184
10,8,local_training,3.0,1751.6084000235423
10,8,comm_client_to_server,3.0,0.22760001593269408
10,8,comm_client_to_server_link,3.0,137.9184
10,8,comm_server_to_client,4.0,0.0968000094871968
10,8,comm_server_to_client_link,4.0,137.9184
10,8,local_training,4.0,1979.7005000000354
10,8,comm_client_to_server,4.0,0.24059999850578606
10,8,comm_client_to_server_link,4.0,137.9184
10,8,fedavg,,1.5242999943438917
10,8,total_round,,8846.285100007663
10,9,comm_server_to_client,1.0,0.4535000189207494
10,9,comm_server_to_client_link,1.0,137.9184
10,9,local_training,1.0,2255.7136999967042
10,9,comm_client_to_server,1.0,0.31599999056197703
10,9,comm_client_to_server_link,1.0,137.9184
10,9,comm_server_to_client,2.0,0.15079998411238194
10,9,comm_server_to_client_link,2.0,137.9184
10,9,local_training,2.0,1945.2842000173405
10,9,comm_client_to_server,2.0,0.30869999318383634
10,9,comm_client_to_server_link,2.0,137.9184
10,9,comm_server_to_client,3.0,0.1677999971434474
10,9,comm_server_to_client_link,3.0,137.9184
10,9,local_training,3.0,2161.298299994087
10,9,comm_client_to_server,3.0,0.318199978210032
10,9,comm_client_to_server_link,3.0,137.9184
10,9,comm_server_to_client,4.0,0.18200001795776188
10,9,comm_server_to_client_link,4.0,137.9184
10,9,local_training,4.0,2031.935600010911
10,9,comm_client_to_server,4.0,0.5063999851699919
10,9,comm_client_to_server_link,4.0,137.9184
10,9,fedavg,,3.0632000125478953
10,9,total_round,,8401.615600014338
10,10,comm_server_to_client,1.0,0.35930000012740493
10,10,comm_server_to_client_link,1.0,137.9184
10,10,local_training,1.0,1866.487600025721
10,10,comm_client_to_server,1.0,0.30640000477433205
10,10,comm_client_to_server_link,1.0,137.9184
10,10,comm_server_to_client,2.0,0.13880000915378332
10,10,comm_server_to_client_link,2.0,137.9184
10,10,local_training,2.0,1635.1743999985047
10,10,comm_client_to_server,2.0,0.34749999758787453
10,10,comm_client_to_server_link,2.0,137.9184
10,10,comm_server_to_client,3.0,0.1498999772593379
10,10,comm_server_to_client_link,3.0,137.9184
10,10,local_training,3.0,1589.7581999888644
10,10,comm_client_to_server,3.0,0.22709998302161694
10,10,comm_client_to_server_link,3.0,137.9184
10,10,comm_server_to_client,4.0,0.08889997843652964
10,10,comm_server_to_client_link,4.0,137.9184
10,10,local_training,4.0,2075.192699994659
10,10,comm_client_to_server,4.0,0.3293000045232475
10,10,comm_client_to_server_link,4.0,137.9184
10,10,fedavg,,5.083500000182539
10,10,total_round,,7175.253699999303
10,11,comm_server_to_client,1.0,0.2691000117920339
10,11,comm_server_to_client_link,1.0,137.9184
10,11,local_training,1.0,2093.8749999913853
10,11,comm_client_to_server,1.0,0.6357999809551984
10,11,comm_client_to_server_link,1.0,137.9184
10,11,comm_server_to_client,2.0,0.13380000018514693
10,11,comm_server_to_client_link,2.0,137.9184
10,11,local_training,2.0,1726.8169000162743
10,11,comm_client_to_server,2.0,0.21660001948475838
10,11,comm_client_to_server_link,2.0,137.9184
10,11,comm_server_to_client,3.0,0.10210002074018121
10,11,comm_server_to_client_link,3.0,137.9184
10,11,local_training,3.0,1841.099600016605
10,11,comm_client_to_server,3.0,0.32839999767020345
10,11,comm_client_to_server_link,3.0,137.9184
10,11,comm_server_to_client,4.0,0.2142000012099743
10,11,comm_server_to_client_link,4.0,137.9184
10,11,local_training,4.0,1762.7068999863695
10,11,comm_client_to_server,4.0,0.23520001559518278
10,11,comm_client_to_server_link,4.0,137.9184
10,11,fedavg,,1.417500025127083
10,11,total_round,,7429.403199988883
10,12,comm_server_to_client,1.0,0.25889999233186245
10,12,comm_server_to_client_link,1.0,137.9184
10,12,local_training,1.0,1823.8728999858722
10,12,comm_client_to_server,1.0,0.3100000030826777
10,12,comm_client_to_server_link,1.0,137.9184
10,12,comm_server_to_client,2.0,0.14769998961128294
10,12,comm_server_to_client_link,2.0,137.9184
10,12,local_training,2.0,1848.5301000182517
10,12,comm_client_to_server,2.0,0.23380000493489206
10,12,comm_client_to_server_link,2.0,137.9184
10,12,comm_server_to_client,3.0,0.11110000195913017
10,12,comm_server_to_client_link,3.0,137.9184
10,12,local_training,3.0,1842.5035999971442
10,12,comm_client_to_server,3.0,0.3908999788109213
10,12,comm_client_to_server_link,3.0,137.9184
10,12,comm_server_to_client,4.0,0.1951000012923032
10,12,comm_server_to_client_link,4.0,137.9184
10,12,local_training,4.0,1870.853000000352
10,12,comm_client_to_server,4.0,0.22909999825060368
10,12,comm_client_to_server_link,4.0,137.9184
10,12,fedavg,,1.5696999907959253
10,12,total_round,,7390.496699983487
10,13,comm_server_to_client,1.0,0.28619999648071826
10,13,comm_server_to_client_link,1.0,137.9184
10,13,local_training,1.0,1795.39320000913
10,13,comm_client_to_server,1.0,0.2303999790456146
10,13,comm_client_to_server_link,1.0,137.9184
10,13,comm_server_to_client,2.0,0.10459998156875372
10,13,comm_server_to_client_link,2.0,137.9184
10,13,local_training,2.0,1565.4483999824151
10,13,comm_client_to_server,2.0,0.3136000013910234
10,13,comm_client_to_server_link,2.0,137.9184
10,13,comm_server_to_client,3.0,0.159399991389364
10,13,comm_server_to_client_link,3.0,137.9184
10,13,local_training,3.0,1819.2627000098582
10,13,comm_client_to_server,3.0,0.23480001254938543
10,13,comm_client_to_server_link,3.0,137.9184
10,13,comm_server_to_client,4.0,0.10370000381954014
10,13,comm_server_to_client_link,4.0,137.9184
10,13,local_training,4.0,1934.2873999848962
10,13,comm_client_to_server,4.0,0.24930000654421747
10,13,comm_client_to_server_link,4.0,137.9184
10,13,fedavg,,1.4449000009335577
10,13,total_round,,7118.9053999842145
10,14,comm_server_to_client,1.0,0.34669999149627984
10,14,comm_server_to_client_link,1.0,137.9184
10,14,local_training,1.0,2850.8658000209834
10,14,comm_client_to_server,1.0,0.2888999879360199
10,14,comm_client_to_server_link,1.0,137.9184
10,14,comm_server_to_client,2.0,0.1545000122860074
10,14,comm_server_to_client_link,2.0,137.9184
10,14,local_training,2.0,1856.8208999931812
10,14,comm_client_to_server,2.0,0.28890001703985035
10,14,comm_client_to_server_link,2.0,137.9184
10,14,comm_server_to_client,3.0,0.11439999798312783
10,14,comm_server_to_client_link,3.0,137.9184
10,14,local_training,3.0,1661.411400011275
10,14,comm_client_to_server,3.0,0.2773999876808375
10,14,comm_client_to_server_link,3.0,137.9184
10,14,comm_server_to_client,4.0,0.2367999986745417
10,14,comm_server_to_client_link,4.0,137.9184
10,14,local_training,4.0,1644.1407000238542
10,14,comm_client_to_server,4.0,0.29799999902024865
10,14,comm_client_to_server_link,4.0,137.9184
10,14,fedavg,,2.737000002525747
10,14,total_round,,8019.324699998833
10,15,comm_server_to_client,1.0,0.3494999837130308
10,15,comm_server_to_client_link,1.0,137.9184
10,15,local_training,1.0,1744.8870000080206
10,15,comm_client_to_server,1.0,0.3155999875161797
10,15,comm_client_to_server_link,1.0,137.9184
10,15,comm_server_to_client,2.0,0.16360002337023616
10,15,comm_server_to_client_link,2.0,137.9184
10,15,local_training,2.0,2895.938500005286
10,15,comm_client_to_server,2.0,0.32900000223889947
10,15,comm_client_to_server_link,2.0,137.9184
10,15,comm_server_to_client,3.0,0.19130000146105886
10,15,comm_server_to_client_link,3.0,137.9184
10,15,local_training,3.0,1768.4842000016943
10,15,comm_client_to_server,3.0,0.27409999165683985
10,15,comm_client_to_server_link,3.0,137.9184
10,15,comm_server_to_client,4.0,0.13349999790079892
10,15,comm_server_to_client_link,4.0,137.9184
10,15,local_training,4.0,1930.3585000161547
10,15,comm_client_to_server,4.0,0.24210000992752612
10,15,comm_client_to_server_link,4.0,137.9184
10,15,fedavg,,1.381999987643212
10,15,total_round,,8344.742900022538
10,16,comm_server_to_client,1.0,0.22300001000985503
10,16,comm_server_to_client_link,1.0,137.9184
10,16,local_training,1.0,1860.2255000150762
10,16,comm_client_to_server,1.0,0.2717000024858862
10,16,comm_client_to_server_link,1.0,137.9184
10,16,comm_server_to_client,2.0,0.1564999984111637
10,16,comm_server_to_client_link,2.0,137.9184
10,16,local_training,2.0,1660.9058000030927
10,16,comm_client_to_server,2.0,0.41140001849271357
10,16,comm_client_to_server_link,2.0,137.9184
10,16,comm_server_to_client,3.0,0.24699998903088272
10,16,comm_server_to_client_link,3.0,137.9184
10,16,local_training,3.0,1808.5016999975778
10,16,comm_client_to_server,3.0,0.2305000089108944
10,16,comm_client_to_server_link,3.0,137.9184
10,16,comm_server_to_client,4.0,0.10449998080730438
10,16,comm_server_to_client_link,4.0,137.9184
10,16,local_training,4.0,1763.7277000176255
10,16,comm_client_to_server,4.0,0.23269999655894935
10,16,comm_client_to_server_link,4.0,137.9184
10,16,fedavg,,1.3986999983899295
10,16,total_round,,7097.799899987876
10,17,comm_server_to_client,1.0,0.2465000143274665
10,17,comm_server_to_client_link,1.0,137.9184
10,17,local_training,1.0,1854.3018999916967
10,17,comm_client_to_server,1.0,0.25610000011511147
10,17,comm_client_to_server_link,1.0,137.9184
10,17,comm_server_to_client,2.0,0.10850001126527786
10,17,comm_server_to_client_link,2.0,137.9184
10,17,local_training,2.0,1652.9452999820933
10,17,comm_client_to_server,2.0,0.23209999199025333
10,17,comm_client_to_server_link,2.0,137.9184
10,17,comm_server_to_client,3.0,0.1066999975591898
10,17,comm_server_to_client_link,3.0,137.9184
10,17,local_training,3.0,1840.7881000021007
10,17,comm_client_to_server,3.0,0.4501999937929213
10,17,comm_client_to_server_link,3.0,137.9184
10,17,comm_server_to_client,4.0,0.2305000089108944
10,17,comm_server_to_client_link,4.0,137.9184
10,17,local_training,4.0,1731.0927000071388
10,17,comm_client_to_server,4.0,0.22680000984109938
10,17,comm_client_to_server_link,4.0,137.9184
10,17,fedavg,,1.451199990697205
10,17,total_round,,7083.504500013078
10,18,comm_server_to_client,1.0,0.3929000231437385
10,18,comm_server_to_client_link,1.0,137.9184
10,18,local_training,1.0,1923.9362000080291
10,18,comm_client_to_server,1.0,0.3198999911546707
10,18,comm_client_to_server_link,1.0,137.9184
10,18,comm_server_to_client,2.0,0.2361999941058457
10,18,comm_server_to_client_link,2.0,137.9184
10,18,local_training,2.0,1687.4085000017658
10,18,comm_client_to_server,2.0,0.2749999985098839
10,18,comm_client_to_server_link,2.0,137.9184
10,18,comm_server_to_client,3.0,0.12329997844062746
10,18,comm_server_to_client_link,3.0,137.9184
10,18,local_training,3.0,1485.8094000082929
10,18,comm_client_to_server,3.0,0.26929998421110213
10,18,comm_client_to_server_link,3.0,137.9184
10,18,comm_server_to_client,4.0,0.12569999671541154
10,18,comm_server_to_client_link,4.0,137.9184
10,18,local_training,4.0,1652.1386000094935
10,18,comm_client_to_server,4.0,0.23089998285286129
10,18,comm_client_to_server_link,4.0,137.9184
10,18,fedavg,,1.3858999882359058
10,18,total_round,,6754.28870000178
10,19,comm_server_to_client,1.0,0.23720000172033906
10,19,comm_server_to_client_link,1.0,137.9184
10,19,local_training,1.0,2048.8743000023533
10,19,comm_client_to_server,1.0,0.22879999596625566
10,19,comm_client_to_server_link,1.0,137.9184
10,19,comm_server_to_client,2.0,0.09980000322684646
10,19,comm_server_to_client_link,2.0,137.9184
10,19,local_training,2.0,1719.8822000063956
10,19,comm_client_to_server,2.0,0.2319000195711851
10,19,comm_client_to_server_link,2.0,137.9184
10,19,comm_server_to_client,3.0,0.10450000991113484
10,19,comm_server_to_client_link,3.0,137.9184
10,19,local_training,3.0,1747.884599986719
10,19,comm_client_to_server,3.0,0.24819999816827476
10,19,comm_client_to_server_link,3.0,137.9184
10,19,comm_server_to_client,4.0,0.11900000390596688
10,19,comm_server_to_client_link,4.0,137.9184
10,19,local_training,4.0,1543.798800004879
10,19,comm_client_to_server,4.0,0.23940001847222447
10,19,comm_client_to_server_link,4.0,137.9184
10,19,fedavg,,1.4421000087168068
10,19,total_round,,7064.504000009038
10,20,comm_server_to_client,1.0,0.232299993513152
10,20,comm_server_to_client_link,1.0,137.9184
10,20,local_training,1.0,1889.773199975025
10,20,comm_client_to_server,1.0,0.24240001221187413
10,20,comm_client_to_server_link,1.0,137.9184
10,20,comm_server_to_client,2.0,0.11149997590109706
10,20,comm_server_to_client_link,2.0,137.9184
10,20,local_training,2.0,1474.3007000070065
10,20,comm_client_to_server,2.0,0.2491000050213188
10,20,comm_client_to_server_link,2.0,137.9184
10,20,comm_server_to_client,3.0,0.11449999874457717
10,20,comm_server_to_client_link,3.0,137.9184
10,20,local_training,3.0,1662.7380000136327
10,20,comm_client_to_server,3.0,0.28700000257231295
10,20,comm_client_to_server_link,3.0,137.9184
10,20,comm_server_to_client,4.0,0.16700002015568316
10,20,comm_server_to_client_link,4.0,137.9184
10,20,local_training,4.0,1555.057299992768
10,20,comm_client_to_server,4.0,0.19359998987056315
10,20,comm_client_to_server_link,4.0,137.9184
10,20,fedavg,,1.4819000207353383
10,20,total_round,,6586.068900011014
